date,Vio_DateTime
2008-04-01,105
2008-04-02,90
2008-04-03,109
2008-04-04,121
2008-04-05,113
2008-04-06,119
2008-04-07,99
2008-04-08,111
2008-04-09,118
2008-04-10,146
2008-04-11,177
2008-04-12,147
2008-04-13,144
2008-04-14,112
2008-04-15,118
2008-04-16,113
2008-04-17,120
2008-04-18,145
2008-04-19,182
2008-04-20,136
2008-04-21,138
2008-04-22,133
2008-04-23,149
2008-04-24,137
2008-04-25,135
2008-04-26,136
2008-04-27,159
2008-04-28,155
2008-04-29,115
2008-04-30,121
2008-05-01,136
2008-05-02,177
2008-05-03,154
2008-05-04,164
2008-05-05,125
2008-05-06,116
2008-05-07,132
2008-05-08,147
2008-05-09,129
2008-05-10,162
2008-05-11,147
2008-05-12,117
2008-05-13,133
2008-05-14,140
2008-05-15,163
2008-05-16,169
2008-05-17,178
2008-05-18,141
2008-05-19,156
2008-05-20,124
2008-05-21,165
2008-05-22,141
2008-05-23,96
2008-05-24,121
2008-05-25,127
2008-05-26,120
2008-05-27,134
2008-05-28,120
2008-05-29,126
2008-05-30,171
2008-05-31,153
2008-06-01,157
2008-06-02,150
2008-06-03,125
2008-06-04,155
2008-06-05,146
2008-06-06,158
2008-06-07,144
2008-06-08,123
2008-06-09,131
2008-06-10,129
2008-06-11,139
2008-06-12,166
2008-06-13,137
2008-06-14,176
2008-06-15,131
2008-06-16,129
2008-06-17,114
2008-06-18,132
2008-06-19,125
2008-06-20,115
2008-06-21,140
2008-06-22,140
2008-06-23,129
2008-06-24,103
2008-06-25,112
2008-06-26,118
2008-06-27,135
2008-06-28,125
2008-06-29,74
2008-06-30,54
2008-07-01,144
2008-07-02,284
2008-07-03,245
2008-07-04,276
2008-07-05,260
2008-07-06,358
2008-07-07,308
2008-07-08,284
2008-07-09,330
2008-07-10,284
2008-07-11,315
2008-07-12,347
2008-07-13,361
2008-07-14,265
2008-07-15,313
2008-07-16,327
2008-07-17,313
2008-07-18,337
2008-07-19,394
2008-07-20,404
2008-07-21,317
2008-07-22,329
2008-07-23,295
2008-07-24,275
2008-07-25,12
2008-07-27,173
2008-07-28,108
2008-07-29,123
2008-08-04,178
2008-08-05,364
2008-08-06,154
2008-08-10,407
2008-08-11,256
2008-08-12,320
2008-08-14,125
2008-08-16,144
2008-08-17,385
2008-08-18,379
2008-08-19,298
2008-08-20,164
2008-08-21,256
2008-08-30,3
2008-08-31,2
2008-09-05,52
2008-09-09,107
2008-09-10,303
2008-09-11,281
2008-09-12,262
2008-09-13,246
2008-09-14,269
2008-09-15,171
2008-09-16,276
2008-09-17,327
2008-09-18,321
2008-09-19,368
2008-09-20,339
2008-09-21,381
2008-09-22,298
2008-09-23,288
2008-09-24,233
2008-09-25,265
2008-09-26,288
2008-09-27,401
2008-09-28,372
2008-09-29,285
2008-09-30,312
2008-10-01,336
2008-10-02,364
2008-10-03,369
2008-10-04,378
2008-10-05,368
2008-10-06,275
2008-10-07,293
2008-10-08,361
2008-10-09,393
2008-10-10,402
2008-10-11,481
2008-10-12,424
2008-10-13,358
2008-10-14,362
2008-10-15,378
2008-10-16,384
2008-10-17,421
2008-10-18,484
2008-10-19,467
2008-10-20,305
2008-10-21,324
2008-10-22,361
2008-10-23,313
2008-10-24,365
2008-10-25,436
2008-10-26,440
2008-10-27,339
2008-10-28,354
2008-10-29,390
2008-10-30,408
2008-10-31,410
2008-11-01,516
2008-11-02,473
2008-11-03,377
2008-11-04,294
2008-11-05,314
2008-11-06,353
2008-11-07,340
2008-11-08,438
2008-11-09,429
2008-11-10,331
2008-11-11,295
2008-11-12,257
2008-11-13,302
2008-11-14,282
2008-11-15,439
2008-11-16,320
2008-11-17,270
2008-11-18,255
2008-11-19,323
2008-11-20,353
2008-11-21,392
2008-11-22,432
2008-11-23,377
2008-11-24,290
2008-11-25,367
2008-11-26,415
2008-11-27,428
2008-11-28,345
2008-11-29,278
2008-11-30,396
2008-12-01,318
2008-12-02,339
2008-12-03,327
2008-12-04,285
2008-12-05,397
2008-12-06,391
2008-12-07,428
2008-12-08,293
2008-12-09,270
2008-12-10,222
2008-12-11,182
2008-12-12,286
2008-12-13,356
2008-12-14,322
2008-12-15,242
2008-12-16,280
2008-12-17,253
2008-12-18,324
2008-12-19,295
2008-12-20,315
2008-12-21,318
2008-12-22,271
2008-12-23,287
2008-12-24,305
2008-12-25,263
2008-12-26,334
2008-12-27,312
2008-12-28,295
2008-12-29,245
2008-12-30,198
2008-12-31,290
2009-01-01,306
2009-01-02,275
2009-01-03,247
2009-01-04,259
2009-01-05,220
2009-01-06,212
2009-01-07,257
2009-01-08,225
2009-01-09,280
2009-01-10,302
2009-01-11,324
2009-01-12,259
2009-01-13,212
2009-01-14,231
2009-01-15,218
2009-01-16,244
2009-01-17,316
2009-01-18,255
2009-01-19,258
2009-01-20,224
2009-01-21,247
2009-01-22,241
2009-01-23,235
2009-01-24,248
2009-01-25,283
2009-01-26,218
2009-01-27,197
2009-01-28,226
2009-01-29,246
2009-01-30,245
2009-01-31,320
2009-02-01,279
2009-02-02,161
2009-02-03,236
2009-02-04,215
2009-02-05,221
2009-02-06,227
2009-02-07,306
2009-02-08,283
2009-02-09,145
2009-02-10,135
2009-02-11,208
2009-02-12,235
2009-02-13,213
2009-02-14,265
2009-02-15,296
2009-02-16,226
2009-02-17,225
2009-02-18,196
2009-02-19,208
2009-02-20,243
2009-02-21,241
2009-02-22,374
2009-02-23,298
2009-02-24,354
2009-02-25,279
2009-02-26,260
2009-02-27,233
2009-02-28,245
2009-03-01,234
2009-03-02,222
2009-03-03,238
2009-03-04,229
2009-03-05,236
2009-03-06,268
2009-03-07,364
2009-03-08,323
2009-03-09,251
2009-03-10,238
2009-03-11,251
2009-03-12,255
2009-03-13,272
2009-03-14,250
2009-03-15,286
2009-03-16,208
2009-03-17,248
2009-03-18,239
2009-03-19,227
2009-03-20,275
2009-03-21,337
2009-03-22,353
2009-03-23,235
2009-03-24,231
2009-03-25,234
2009-03-26,218
2009-03-27,177
2009-03-28,220
2009-03-29,259
2009-03-30,180
2009-03-31,163
2009-04-01,194
2009-04-02,243
2009-04-03,283
2009-04-04,319
2009-04-05,284
2009-04-06,207
2009-04-07,260
2009-04-08,236
2009-04-09,236
2009-04-10,296
2009-04-11,313
2009-04-12,283
2009-04-13,218
2009-04-14,217
2009-04-15,212
2009-04-16,220
2009-04-17,244
2009-04-18,275
2009-04-19,262
2009-04-20,194
2009-04-21,210
2009-04-22,228
2009-04-23,234
2009-04-24,238
2009-04-25,275
2009-04-26,276
2009-04-27,180
2009-04-28,220
2009-04-29,213
2009-04-30,197
2009-05-01,220
2009-05-02,295
2009-05-03,255
2009-05-04,225
2009-05-05,289
2009-05-06,291
2009-05-07,307
2009-05-08,315
2009-05-09,403
2009-05-10,457
2009-05-11,332
2009-05-12,295
2009-05-13,313
2009-05-14,321
2009-05-15,363
2009-05-16,365
2009-05-17,336
2009-05-18,264
2009-05-19,329
2009-05-20,330
2009-05-21,344
2009-05-22,410
2009-05-23,403
2009-05-24,396
2009-05-25,273
2009-05-26,334
2009-05-27,348
2009-05-28,389
2009-05-29,350
2009-05-30,446
2009-05-31,418
2009-06-01,345
2009-06-02,302
2009-06-03,272
2009-06-04,318
2009-06-05,328
2009-06-06,438
2009-06-07,364
2009-06-08,282
2009-06-09,389
2009-06-10,325
2009-06-11,325
2009-06-12,387
2009-06-13,429
2009-06-14,486
2009-06-15,392
2009-06-16,398
2009-06-17,368
2009-06-18,371
2009-06-19,398
2009-06-20,479
2009-06-21,459
2009-06-22,340
2009-06-23,364
2009-06-24,347
2009-06-25,322
2009-06-26,325
2009-06-27,377
2009-06-28,355
2009-06-29,264
2009-06-30,343
2009-07-01,375
2009-07-02,387
2009-07-03,427
2009-07-04,391
2009-07-05,371
2009-07-06,347
2009-07-07,294
2009-07-08,307
2009-07-09,340
2009-07-10,339
2009-07-11,416
2009-07-12,339
2009-07-13,367
2009-07-14,319
2009-07-15,322
2009-07-16,287
2009-07-17,208
2009-07-18,327
2009-07-19,298
2009-07-20,208
2009-07-21,202
2009-07-22,234
2009-07-23,239
2009-07-24,273
2009-07-25,282
2009-07-26,253
2009-07-27,219
2009-07-28,241
2009-07-29,314
2009-07-30,324
2009-07-31,273
2009-08-01,341
2009-08-02,310
2009-08-03,273
2009-08-04,299
2009-08-05,310
2009-08-06,336
2009-08-07,357
2009-08-08,328
2009-08-09,286
2009-08-10,214
2009-08-11,224
2009-08-12,250
2009-08-13,203
2009-08-14,295
2009-08-15,293
2009-08-16,268
2009-08-17,167
2009-08-18,205
2009-08-19,250
2009-08-20,206
2009-08-21,230
2009-08-22,335
2009-08-23,328
2009-08-24,266
2009-08-25,236
2009-08-26,293
2009-08-27,299
2009-08-28,324
2009-08-29,343
2009-08-30,287
2009-08-31,212
2009-09-01,208
2009-09-02,247
2009-09-03,264
2009-09-04,246
2009-09-05,259
2009-09-06,256
2009-09-07,260
2009-09-08,210
2009-09-09,206
2009-09-10,182
2009-09-11,123
2009-09-12,209
2009-09-13,250
2009-09-14,245
2009-09-15,239
2009-09-16,265
2009-09-17,237
2009-09-18,260
2009-09-19,277
2009-09-20,324
2009-09-21,213
2009-09-22,197
2009-09-23,172
2009-09-24,250
2009-09-25,267
2009-09-26,273
2009-09-27,269
2009-09-28,207
2009-09-29,177
2009-09-30,245
2009-10-01,246
2009-10-02,154
2009-10-03,307
2009-10-04,209
2009-10-05,193
2009-10-06,230
2009-10-07,203
2009-10-08,229
2009-10-09,252
2009-10-10,285
2009-10-11,193
2009-10-12,158
2009-10-13,98
2009-10-14,101
2009-10-15,85
2009-10-16,89
2009-10-17,149
2009-10-18,198
2009-10-19,122
2009-10-20,127
2009-10-21,114
2009-10-22,92
2009-10-23,158
2009-10-24,208
2009-10-25,185
2009-10-26,143
2009-10-27,134
2009-10-28,135
2009-10-29,135
2009-10-30,149
2009-10-31,185
2009-11-01,237
2009-11-02,165
2009-11-03,149
2009-11-04,140
2009-11-05,125
2009-11-06,152
2009-11-07,181
2009-11-08,189
2009-11-09,123
2009-11-10,145
2009-11-11,158
2009-11-12,170
2009-11-13,181
2009-11-14,201
2009-11-15,199
2009-11-16,126
2009-11-17,169
2009-11-18,137
2009-11-19,126
2009-11-20,125
2009-11-21,120
2009-11-22,142
2009-11-23,114
2009-11-24,113
2009-11-25,177
2009-11-26,202
2009-11-27,197
2009-11-28,198
2009-11-29,214
2009-11-30,143
2009-12-01,87
2009-12-02,239
2009-12-03,279
2009-12-04,176
2009-12-05,214
2009-12-06,207
2009-12-07,116
2009-12-08,143
2009-12-09,139
2009-12-10,230
2009-12-11,159
2009-12-12,122
2009-12-13,118
2009-12-14,356
2009-12-15,378
2009-12-16,342
2009-12-17,397
2009-12-18,370
2009-12-19,487
2009-12-20,455
2009-12-21,237
2009-12-22,291
2009-12-23,286
2009-12-24,232
2009-12-25,295
2009-12-26,275
2009-12-27,483
2009-12-28,237
2009-12-29,255
2009-12-30,245
2009-12-31,558
2010-01-01,480
2010-01-02,677
2010-01-03,711
2010-01-04,785
2010-01-05,424
2010-01-06,653
2010-01-07,448
2010-01-08,629
2010-01-09,587
2010-01-10,446
2010-01-11,495
2010-01-12,332
2010-01-13,701
2010-01-14,651
2010-01-15,503
2010-01-16,433
2010-01-17,482
2010-01-18,288
2010-01-19,716
2010-01-20,860
2010-01-21,551
2010-01-22,923
2010-01-23,659
2010-01-24,914
2010-01-25,858
2010-01-26,433
2010-01-27,620
2010-01-28,307
2010-01-29,552
2010-01-30,752
2010-01-31,703
2010-02-01,626
2010-02-02,453
2010-02-03,426
2010-02-04,476
2010-02-05,508
2010-02-06,768
2010-02-07,831
2010-02-08,745
2010-02-09,697
2010-02-10,569
2010-02-11,615
2010-02-12,562
2010-02-13,954
2010-02-14,935
2010-02-15,409
2010-02-16,747
2010-02-17,494
2010-02-18,565
2010-02-19,488
2010-02-20,573
2010-02-21,577
2010-02-22,444
2010-02-23,637
2010-02-24,467
2010-02-25,549
2010-02-26,730
2010-02-27,576
2010-02-28,547
2010-03-01,456
2010-03-02,589
2010-03-03,601
2010-03-04,443
2010-03-05,764
2010-03-06,542
2010-03-07,535
2010-03-08,608
2010-03-09,501
2010-03-10,432
2010-03-11,651
2010-03-12,805
2010-03-13,614
2010-03-14,613
2010-03-15,525
2010-03-16,519
2010-03-17,703
2010-03-18,716
2010-03-19,703
2010-03-20,523
2010-03-21,493
2010-03-22,766
2010-03-23,772
2010-03-24,991
2010-03-25,731
2010-03-26,826
2010-03-27,610
2010-03-28,473
2010-03-29,444
2010-03-30,344
2010-03-31,422
2010-04-01,337
2010-04-02,503
2010-04-03,594
2010-04-04,638
2010-04-05,1145
2010-04-06,1146
2010-04-07,983
2010-04-08,980
2010-04-09,938
2010-04-10,672
2010-04-11,461
2010-04-12,762
2010-04-13,675
2010-04-14,611
2010-04-15,480
2010-04-16,759
2010-04-17,485
2010-04-18,525
2010-04-19,658
2010-04-20,755
2010-04-21,769
2010-04-22,697
2010-04-23,485
2010-04-24,426
2010-04-25,420
2010-04-26,707
2010-04-27,648
2010-04-28,678
2010-04-29,760
2010-04-30,936
2010-05-01,686
2010-05-02,490
2010-05-03,807
2010-05-04,688
2010-05-05,750
2010-05-06,838
2010-05-07,771
2010-05-08,819
2010-05-09,709
2010-05-10,755
2010-05-11,958
2010-05-12,978
2010-05-13,994
2010-05-14,1164
2010-05-15,438
2010-05-16,402
2010-05-17,743
2010-05-18,706
2010-05-19,821
2010-05-20,866
2010-05-21,1107
2010-05-22,556
2010-05-23,465
2010-05-24,915
2010-05-25,905
2010-05-26,840
2010-05-27,1093
2010-05-28,708
2010-05-29,637
2010-05-30,501
2010-05-31,373
2010-06-01,391
2010-06-02,365
2010-06-03,324
2010-06-04,309
2010-06-05,539
2010-06-06,439
2010-06-07,339
2010-06-08,334
2010-06-09,364
2010-06-10,385
2010-06-11,500
2010-06-12,478
2010-06-13,477
2010-06-14,340
2010-06-15,235
2010-06-16,377
2010-06-17,404
2010-06-18,405
2010-06-19,479
2010-06-20,535
2010-06-21,352
2010-06-22,338
2010-06-23,372
2010-06-24,419
2010-06-25,456
2010-06-26,636
2010-06-27,498
2010-06-28,368
2010-06-29,340
2010-06-30,338
2010-07-01,449
2010-07-02,650
2010-07-03,649
2010-07-04,584
2010-07-05,379
2010-07-06,379
2010-07-07,416
2010-07-08,338
2010-07-09,468
2010-07-10,574
2010-07-11,482
2010-07-12,432
2010-07-13,388
2010-07-14,852
2010-07-15,638
2010-07-16,648
2010-07-17,873
2010-07-18,655
2010-07-19,721
2010-07-20,692
2010-07-21,681
2010-07-22,707
2010-07-23,605
2010-07-24,822
2010-07-25,560
2010-07-26,712
2010-07-27,657
2010-07-28,624
2010-07-29,815
2010-07-30,851
2010-07-31,845
2010-08-01,731
2010-08-02,659
2010-08-03,800
2010-08-04,687
2010-08-05,572
2010-08-06,673
2010-08-07,662
2010-08-08,620
2010-08-09,436
2010-08-10,550
2010-08-11,652
2010-08-12,424
2010-08-13,584
2010-08-14,781
2010-08-15,626
2010-08-16,511
2010-08-17,574
2010-08-18,513
2010-08-19,707
2010-08-20,958
2010-08-21,487
2010-08-22,498
2010-08-23,829
2010-08-24,989
2010-08-25,673
2010-08-26,50
2010-08-29,236
2010-08-30,795
2010-08-31,778
2010-09-01,804
2010-09-02,642
2010-09-03,847
2010-09-04,436
2010-09-05,528
2010-09-06,695
2010-09-07,799
2010-09-08,844
2010-09-09,1138
2010-09-10,911
2010-09-11,649
2010-09-12,561
2010-09-13,760
2010-09-14,854
2010-09-15,1006
2010-09-16,944
2010-09-17,999
2010-09-18,633
2010-09-19,452
2010-09-20,605
2010-09-21,838
2010-09-22,781
2010-09-23,871
2010-09-24,866
2010-09-25,568
2010-09-26,700
2010-09-27,757
2010-09-28,746
2010-09-29,851
2010-09-30,855
2010-10-01,1111
2010-10-02,634
2010-10-03,575
2010-10-04,873
2010-10-05,867
2010-10-06,862
2010-10-07,896
2010-10-08,877
2010-10-09,500
2010-10-10,431
2010-10-11,849
2010-10-12,918
2010-10-13,876
2010-10-14,788
2010-10-15,884
2010-10-16,634
2010-10-17,407
2010-10-18,577
2010-10-19,629
2010-10-20,798
2010-10-21,730
2010-10-22,930
2010-10-23,618
2010-10-24,555
2010-10-25,819
2010-10-26,815
2010-10-27,502
2010-11-14,1
2010-11-15,5
2010-11-16,157
2010-11-17,465
2010-11-18,624
2010-11-19,816
2010-11-20,560
2010-11-21,569
2010-11-22,859
2010-11-23,812
2010-11-24,482
2010-11-25,580
2010-11-26,396
2010-11-27,534
2010-11-28,379
2010-11-29,286
2010-11-30,475
2010-12-01,685
2010-12-02,571
2010-12-03,783
2010-12-04,632
2010-12-05,540
2010-12-06,708
2010-12-07,636
2010-12-08,752
2010-12-09,845
2010-12-10,988
2010-12-11,640
2010-12-12,590
2010-12-13,707
2010-12-14,456
2010-12-15,686
2010-12-16,828
2010-12-17,892
2010-12-18,668
2010-12-19,683
2010-12-20,505
2010-12-21,527
2010-12-22,632
2010-12-23,736
2010-12-24,799
2010-12-25,536
2010-12-26,569
2010-12-27,545
2010-12-28,516
2010-12-29,590
2010-12-30,570
2010-12-31,650
2011-01-01,587
2011-01-02,628
2011-01-03,821
2011-01-04,960
2011-01-05,962
2011-01-06,1013
2011-01-07,786
2011-01-08,717
2011-01-09,417
2011-01-10,738
2011-01-11,796
2011-01-12,719
2011-01-13,780
2011-01-14,643
2011-01-15,682
2011-01-16,606
2011-01-17,436
2011-01-18,648
2011-01-19,615
2011-01-20,555
2011-01-21,763
2011-01-22,629
2011-01-23,483
2011-01-24,542
2011-01-25,689
2011-01-26,779
2011-01-27,798
2011-01-28,1014
2011-01-29,598
2011-01-30,406
2011-01-31,437
2011-02-01,575
2011-02-02,678
2011-02-03,656
2011-02-04,696
2011-02-05,612
2011-02-06,535
2011-02-07,530
2011-02-08,678
2011-02-09,572
2011-02-10,729
2011-02-11,827
2011-02-12,531
2011-02-13,481
2011-02-14,783
2011-02-15,599
2011-02-16,700
2011-02-17,732
2011-02-18,989
2011-02-19,588
2011-02-20,520
2011-02-21,644
2011-02-22,610
2011-02-23,586
2011-02-24,782
2011-02-25,841
2011-02-26,496
2011-02-27,409
2011-02-28,639
2011-03-01,1157
2011-03-02,824
2011-03-18,1
2011-03-20,953
2011-03-21,745
2011-03-22,915
2011-03-23,901
2011-03-24,932
2011-03-25,1089
2011-03-26,709
2011-03-27,295
2011-03-28,139
2011-03-29,64
2011-03-30,115
2011-03-31,191
2011-04-01,189
2011-04-02,251
2011-04-03,183
2011-04-04,151
2011-04-05,306
2011-04-06,120
2011-04-07,202
2011-04-08,421
2011-04-09,137
2011-04-10,286
2011-04-11,131
2011-04-12,237
2011-04-13,631
2011-04-14,746
2011-04-15,960
2011-04-16,1018
2011-04-17,824
2011-04-18,833
2011-04-19,898
2011-04-20,957
2011-04-21,982
2011-04-22,1187
2011-04-23,1026
2011-04-24,949
2011-04-25,822
2011-04-26,900
2011-04-27,819
2011-04-28,706
2011-04-29,788
2011-04-30,922
2011-05-01,796
2011-05-02,972
2011-05-03,812
2011-05-04,1079
2011-05-05,1077
2011-05-06,1241
2011-05-07,1101
2011-05-08,1154
2011-05-09,994
2011-05-10,922
2011-05-11,964
2011-05-12,1026
2011-05-13,844
2011-05-14,1093
2011-05-15,643
2011-05-16,639
2011-05-17,691
2011-05-18,742
2011-05-19,818
2011-05-20,939
2011-05-21,702
2011-05-22,488
2011-05-23,611
2011-05-24,711
2011-05-25,760
2011-05-26,798
2011-05-27,957
2011-05-28,1135
2011-05-29,910
2011-05-30,786
2011-05-31,798
2011-06-01,804
2011-06-02,886
2011-06-03,965
2011-06-04,858
2011-06-05,649
2011-06-06,664
2011-06-07,812
2011-06-08,841
2011-06-09,930
2011-06-10,963
2011-06-11,960
2011-06-12,727
2011-06-13,527
2011-06-14,668
2011-06-15,804
2011-06-16,791
2011-06-17,842
2011-06-18,883
2011-06-19,808
2011-06-20,715
2011-06-21,741
2011-06-22,801
2011-06-23,598
2011-06-24,815
2011-06-25,852
2011-06-26,554
2011-06-27,579
2011-06-28,659
2011-06-29,841
2011-06-30,957
2011-07-01,1093
2011-07-02,1232
2011-07-03,853
2011-07-04,745
2011-07-05,790
2011-07-06,733
2011-07-07,799
2011-07-08,900
2011-07-09,928
2011-07-10,574
2011-07-11,583
2011-07-12,632
2011-07-13,827
2011-07-14,719
2011-07-15,757
2011-07-16,957
2011-07-17,791
2011-07-18,592
2011-07-19,754
2011-07-20,786
2011-07-21,795
2011-07-22,821
2011-07-23,867
2011-07-24,525
2011-07-25,528
2011-07-26,692
2011-07-27,748
2011-07-28,881
2011-07-29,940
2011-07-30,1057
2011-07-31,867
2011-08-01,883
2011-08-02,940
2011-08-03,925
2011-08-04,946
2011-08-05,986
2011-08-06,1131
2011-08-07,784
2011-08-08,818
2011-08-09,992
2011-08-10,812
2011-08-11,858
2011-08-12,1274
2011-08-13,1160
2011-08-14,843
2011-08-15,1004
2011-08-16,902
2011-08-17,943
2011-08-18,815
2011-08-19,1005
2011-08-20,896
2011-08-21,734
2011-08-22,794
2011-08-23,751
2011-08-24,725
2011-08-25,666
2011-08-26,848
2011-08-27,856
2011-08-28,673
2011-08-29,741
2011-08-30,699
2011-08-31,657
2011-09-01,723
2011-09-02,734
2011-09-03,378
2011-09-04,406
2011-09-05,519
2011-09-06,728
2011-09-07,824
2011-09-08,869
2011-09-09,989
2011-09-10,769
2011-09-11,683
2011-09-12,878
2011-09-13,957
2011-09-14,854
2011-09-15,911
2011-09-16,1017
2011-09-17,902
2011-09-18,722
2011-09-19,787
2011-09-20,817
2011-09-21,711
2011-09-22,780
2011-09-23,958
2011-09-24,961
2011-09-25,892
2011-09-26,807
2011-09-27,834
2011-09-28,894
2011-09-29,839
2011-09-30,904
2011-10-01,908
2011-10-02,734
2011-10-03,696
2011-10-04,855
2011-10-05,831
2011-10-06,752
2011-10-07,778
2011-10-08,547
2011-10-09,476
2011-10-10,653
2011-10-11,740
2011-10-12,738
2011-10-13,764
2011-10-14,945
2011-10-15,934
2011-10-16,737
2011-10-17,791
2011-10-18,783
2011-10-19,909
2011-10-20,940
2011-10-21,1078
2011-10-22,763
2011-10-23,745
2011-10-24,781
2011-10-25,783
2011-10-26,729
2011-10-27,711
2011-10-28,1022
2011-10-29,973
2011-10-30,615
2011-10-31,836
2011-11-01,843
2011-11-02,865
2011-11-03,991
2011-11-04,966
2011-11-05,921
2011-11-06,676
2011-11-07,831
2011-11-08,840
2011-11-09,810
2011-11-10,951
2011-11-11,1049
2011-11-12,928
2011-11-13,721
2011-11-14,663
2011-11-15,697
2011-11-16,700
2011-11-17,757
2011-11-18,931
2011-11-19,838
2011-11-20,728
2011-11-21,683
2011-11-22,588
2011-11-23,675
2011-11-24,659
2011-11-25,762
2011-11-26,682
2011-11-27,476
2011-11-28,751
2011-11-29,724
2011-11-30,720
2011-12-01,702
2011-12-02,852
2011-12-03,836
2011-12-04,713
2011-12-05,652
2011-12-06,582
2011-12-07,787
2011-12-08,783
2011-12-09,832
2011-12-10,720
2011-12-11,632
2011-12-12,715
2011-12-13,710
2011-12-14,719
2011-12-15,814
2011-12-16,820
2011-12-17,680
2011-12-18,522
2011-12-19,426
2011-12-20,409
2011-12-21,523
2011-12-22,581
2011-12-23,631
2011-12-24,633
2011-12-25,447
2011-12-26,533
2011-12-27,623
2011-12-28,567
2011-12-29,666
2011-12-30,704
2011-12-31,638
2012-01-01,585
2012-01-02,360
2012-01-03,302
2012-01-04,669
2012-01-05,710
2012-01-06,763
2012-01-07,660
2012-01-08,497
2012-01-09,637
2012-01-10,609
2012-01-11,724
2012-01-12,715
2012-01-13,915
2012-01-14,749
2012-01-15,604
2012-01-16,566
2012-01-17,622
2012-01-18,749
2012-01-19,652
2012-01-20,782
2012-01-21,611
2012-01-22,601
2012-01-23,567
2012-01-24,530
2012-01-25,624
2012-01-26,676
2012-01-27,651
2012-01-28,567
2012-01-29,433
2012-01-30,551
2012-01-31,694
2012-02-01,614
2012-02-02,699
2012-02-03,791
2012-02-04,703
2012-02-05,533
2012-02-06,596
2012-02-07,665
2012-02-08,698
2012-02-09,790
2012-02-10,800
2012-02-11,755
2012-02-12,601
2012-02-13,771
2012-02-14,821
2012-02-15,716
2012-02-16,793
2012-02-17,820
2012-02-18,791
2012-02-19,1049
2012-02-20,834
2012-02-21,989
2012-02-22,697
2012-02-23,927
2012-02-24,909
2012-02-25,753
2012-02-26,580
2012-02-27,592
2012-02-28,709
2012-02-29,782
2012-03-01,918
2012-03-02,706
2012-03-03,707
2012-03-04,794
2012-03-05,825
2012-03-06,715
2012-03-07,749
2012-03-08,818
2012-03-09,569
2012-03-10,758
2012-03-11,626
2012-03-12,597
2012-03-13,562
2012-03-14,601
2012-03-15,714
2012-03-16,889
2012-03-17,618
2012-03-18,465
2012-03-19,583
2012-03-20,701
2012-03-21,551
2012-03-22,575
2012-03-23,689
2012-03-24,489
2012-03-25,479
2012-03-26,687
2012-03-27,658
2012-03-28,634
2012-03-29,711
2012-03-30,665
2012-03-31,482
2012-04-01,509
2012-04-02,327
2012-04-03,329
2012-04-04,290
2012-04-05,358
2012-04-06,462
2012-04-07,456
2012-04-08,503
2012-04-09,647
2012-04-10,677
2012-04-11,744
2012-04-12,776
2012-04-13,799
2012-04-14,540
2012-04-15,507
2012-04-16,567
2012-04-17,605
2012-04-18,688
2012-04-19,788
2012-04-20,821
2012-04-21,468
2012-04-22,516
2012-04-23,728
2012-04-24,760
2012-04-25,858
2012-04-26,842
2012-04-27,951
2012-04-28,576
2012-04-29,450
2012-04-30,699
2012-05-01,802
2012-05-02,775
2012-05-03,811
2012-05-04,893
2012-05-05,638
2012-05-06,576
2012-05-07,742
2012-05-08,703
2012-05-09,659
2012-05-10,657
2012-05-11,697
2012-05-12,580
2012-05-13,573
2012-05-14,727
2012-05-15,719
2012-05-16,734
2012-05-17,774
2012-05-18,544
2012-05-19,557
2012-05-20,473
2012-05-21,340
2012-05-22,662
2012-05-23,333
2012-05-24,383
2012-05-25,361
2012-05-26,482
2012-05-27,427
2012-05-28,337
2012-05-29,330
2012-05-30,360
2012-05-31,308
2012-06-01,341
2012-06-02,430
2012-06-03,342
2012-06-04,317
2012-06-05,350
2012-06-06,378
2012-06-07,339
2012-06-08,410
2012-06-09,404
2012-06-10,258
2012-06-11,359
2012-06-12,365
2012-06-13,346
2012-06-14,353
2012-06-15,364
2012-06-16,424
2012-06-17,390
2012-06-18,282
2012-06-19,341
2012-06-20,346
2012-06-21,323
2012-06-22,401
2012-06-23,482
2012-06-24,448
2012-06-25,376
2012-06-26,358
2012-06-27,346
2012-06-28,348
2012-06-29,398
2012-06-30,421
2012-07-01,293
2012-07-02,312
2012-07-03,363
2012-07-04,345
2012-07-05,413
2012-07-06,371
2012-07-07,453
2012-07-08,407
2012-07-09,366
2012-07-10,273
2012-07-11,292
2012-07-12,307
2012-07-13,304
2012-07-14,344
2012-07-15,294
2012-07-16,329
2012-07-17,284
2012-07-18,290
2012-07-19,256
2012-07-20,221
2012-07-21,382
2012-07-22,400
2012-07-23,303
2012-07-24,392
2012-07-25,310
2012-07-26,340
2012-07-27,365
2012-07-28,447
2012-07-29,436
2012-07-30,329
2012-07-31,302
2012-08-01,370
2012-08-02,374
2012-08-03,368
2012-08-04,422
2012-08-05,377
2012-08-06,315
2012-08-07,292
2012-08-08,403
2012-08-09,349
2012-08-10,391
2012-08-11,429
2012-08-12,346
2012-08-13,465
2012-08-14,673
2012-08-15,813
2012-08-16,778
2012-08-17,1000
2012-08-18,254
2012-08-19,273
2012-08-20,865
2012-08-21,827
2012-08-22,893
2012-08-23,723
2012-08-24,766
2012-08-25,496
2012-08-26,413
2012-08-30,6
2012-08-31,4
2012-09-01,141
2012-09-02,92
2012-09-03,3
2012-09-04,71
2012-09-05,25
2012-09-10,423
2012-09-12,1
2012-09-15,3
2012-09-21,2
2012-09-22,20
2012-09-23,4
2012-09-24,647
2012-09-25,694
2012-09-26,891
2012-09-27,939
2012-09-28,862
2012-09-29,241
2012-09-30,283
2012-10-01,663
2012-10-02,724
2012-10-03,791
2012-10-04,830
2012-10-05,973
2012-10-06,520
2012-10-07,458
2012-10-08,798
2012-10-09,728
2012-10-10,790
2012-10-11,709
2012-10-12,754
2012-10-13,376
2012-10-14,298
2012-10-15,630
2012-10-16,621
2012-10-17,744
2012-10-18,690
2012-10-19,729
2012-10-20,498
2012-10-21,394
2012-10-22,670
2012-10-23,750
2012-10-24,761
2012-10-25,768
2012-10-26,783
2012-10-27,391
2012-10-28,316
2012-10-29,585
2012-10-30,614
2012-10-31,667
2012-11-01,632
2012-11-02,695
2012-11-03,414
2012-11-04,304
2012-11-05,618
2012-11-06,709
2012-11-07,646
2012-11-08,759
2012-11-09,820
2012-11-10,475
2012-11-11,454
2012-11-12,670
2012-11-13,869
2012-11-14,847
2012-11-15,706
2012-11-16,826
2012-11-17,532
2012-11-18,409
2012-11-19,298
2012-11-20,331
2012-11-21,423
2012-11-22,472
2012-11-23,467
2012-11-24,596
2012-11-25,449
2012-11-26,565
2012-11-27,550
2012-11-28,662
2012-11-29,646
2012-11-30,817
2012-12-01,476
2012-12-02,401
2012-12-03,689
2012-12-04,577
2012-12-05,648
2012-12-06,713
2012-12-07,656
2012-12-08,341
2012-12-09,308
2012-12-10,425
2012-12-11,556
2012-12-12,715
2012-12-13,841
2012-12-14,863
2012-12-15,381
2012-12-16,286
2012-12-17,512
2012-12-18,691
2012-12-19,831
2012-12-20,763
2012-12-21,411
2012-12-22,481
2012-12-23,401
2012-12-24,321
2012-12-25,227
2012-12-26,235
2012-12-27,264
2012-12-28,249
2012-12-29,401
2012-12-30,393
2012-12-31,376
2013-01-01,292
2013-01-02,659
2013-01-03,630
2013-01-04,642
2013-01-05,381
2013-01-06,308
2013-01-07,598
2013-01-08,426
2013-01-09,406
2013-01-10,334
2013-01-11,431
2013-01-12,412
2013-01-13,274
2013-01-14,269
2013-01-15,336
2013-01-16,291
2013-01-17,629
2013-01-18,707
2013-01-19,463
2013-01-20,308
2013-01-21,293
2013-01-22,472
2013-01-23,608
2013-01-24,538
2013-01-25,618
2013-01-26,406
2013-01-27,327
2013-01-28,456
2013-01-29,557
2013-01-30,478
2013-01-31,745
2013-02-01,780
2013-02-02,573
2013-02-03,550
2013-02-04,575
2013-02-05,581
2013-02-06,548
2013-02-07,675
2013-02-08,834
2013-02-09,611
2013-02-10,515
2013-02-11,330
2013-02-12,480
2013-02-13,352
2013-02-14,821
2013-02-15,1070
2013-02-16,456
2013-02-17,416
2013-02-18,573
2013-02-19,582
2013-02-20,555
2013-02-21,587
2013-02-22,557
2013-02-23,443
2013-02-24,470
2013-02-25,348
2013-02-26,622
2013-02-27,604
2013-02-28,605
2013-03-01,781
2013-03-02,564
2013-03-03,500
2013-03-04,1003
2013-03-05,552
2013-03-06,787
2013-03-07,873
2013-03-08,858
2013-03-09,578
2013-03-10,501
2013-03-11,439
2013-03-12,447
2013-03-13,606
2013-03-14,785
2013-03-15,898
2013-03-16,556
2013-03-17,463
2013-03-18,689
2013-03-19,814
2013-03-20,746
2013-03-21,759
2013-03-22,888
2013-03-23,489
2013-03-24,463
2013-03-25,899
2013-03-26,779
2013-03-27,892
2013-03-28,1138
2013-03-29,493
2013-03-30,604
2013-03-31,533
2013-04-01,934
2013-04-02,733
2013-04-03,584
2013-04-04,764
2013-04-05,864
2013-04-06,558
2013-04-07,425
2013-04-08,512
2013-04-09,669
2013-04-10,613
2013-04-11,570
2013-04-12,838
2013-04-13,606
2013-04-14,395
2013-04-15,534
2013-04-16,616
2013-04-17,645
2013-04-18,572
2013-04-19,596
2013-04-20,581
2013-04-21,518
2013-04-22,305
2013-04-23,346
2013-04-24,261
2013-04-25,336
2013-04-26,383
2013-04-27,578
2013-04-28,410
2013-04-29,529
2013-04-30,478
2013-05-01,474
2013-05-02,596
2013-05-03,622
2013-05-04,482
2013-05-05,509
2013-05-06,572
2013-05-07,582
2013-05-08,593
2013-05-09,591
2013-05-10,502
2013-05-11,551
2013-05-12,473
2013-05-13,511
2013-05-14,558
2013-05-15,611
2013-05-16,718
2013-05-17,698
2013-05-18,567
2013-05-19,558
2013-05-20,616
2013-05-21,569
2013-05-22,525
2013-05-23,332
2013-05-24,475
2013-05-25,625
2013-05-26,506
2013-05-27,377
2013-05-28,346
2013-05-29,361
2013-05-30,343
2013-05-31,393
2013-06-01,539
2013-06-02,412
2013-06-03,406
2013-06-04,419
2013-06-05,393
2013-06-06,384
2013-06-07,477
2013-06-08,665
2013-06-09,480
2013-06-10,380
2013-06-11,377
2013-06-12,392
2013-06-13,394
2013-06-14,485
2013-06-15,552
2013-06-16,441
2013-06-17,409
2013-06-18,446
2013-06-19,445
2013-06-20,409
2013-06-21,458
2013-06-22,573
2013-06-23,483
2013-06-24,394
2013-06-25,354
2013-06-26,355
2013-06-27,376
2013-06-28,477
2013-06-29,513
2013-06-30,497
2013-07-01,442
2013-07-02,487
2013-07-03,536
2013-07-04,529
2013-07-05,399
2013-07-06,415
2013-07-07,350
2013-07-08,326
2013-07-09,394
2013-07-10,440
2013-07-11,413
2013-07-12,488
2013-07-13,482
2013-07-14,404
2013-07-15,360
2013-07-16,362
2013-07-17,404
2013-07-18,428
2013-07-19,483
2013-07-20,487
2013-07-21,378
2013-07-22,362
2013-07-23,376
2013-07-24,388
2013-07-25,427
2013-07-26,497
2013-07-27,450
2013-07-28,381
2013-07-29,336
2013-07-30,422
2013-07-31,399
2013-08-01,445
2013-08-02,440
2013-08-03,559
2013-08-04,469
2013-08-05,391
2013-08-06,400
2013-08-07,466
2013-08-08,453
2013-08-09,458
2013-08-10,440
2013-08-11,405
2013-08-12,949
2013-08-13,1047
2013-08-14,925
2013-08-15,985
2013-08-16,1130
2013-08-17,432
2013-08-18,363
2013-08-19,860
2013-08-20,894
2013-08-21,806
2013-08-22,854
2013-08-23,964
2013-08-24,454
2013-08-25,372
2013-08-26,772
2013-08-27,742
2013-08-28,862
2013-08-29,873
2013-08-30,1021
2013-08-31,477
2013-09-01,346
2013-09-02,273
2013-09-03,669
2013-09-04,868
2013-09-05,880
2013-09-06,878
2013-09-07,488
2013-09-08,584
2013-09-09,760
2013-09-10,734
2013-09-11,773
2013-09-12,787
2013-09-13,817
2013-09-14,442
2013-09-15,461
2013-09-16,677
2013-09-17,727
2013-09-18,684
2013-09-19,767
2013-09-20,929
2013-09-21,419
2013-09-22,442
2013-09-23,625
2013-09-24,687
2013-09-25,741
2013-09-26,777
2013-09-27,868
2013-09-28,495
2013-09-29,528
2013-09-30,753
2013-10-01,713
2013-10-02,769
2013-10-03,669
2013-10-04,776
2013-10-05,494
2013-10-06,493
2013-10-07,438
2013-10-08,656
2013-10-09,669
2013-10-10,791
2013-10-11,900
2013-10-12,535
2013-10-13,487
2013-10-14,807
2013-10-15,694
2013-10-16,603
2013-10-17,723
2013-10-18,783
2013-10-19,412
2013-10-20,380
2013-10-21,609
2013-10-22,634
2013-10-23,692
2013-10-24,729
2013-10-25,847
2013-10-26,527
2013-10-27,425
2013-10-28,563
2013-10-29,600
2013-10-30,635
2013-10-31,718
2013-11-01,797
2013-11-02,485
2013-11-03,448
2013-11-04,545
2013-11-05,609
2013-11-06,674
2013-11-07,628
2013-11-08,708
2013-11-09,544
2013-11-10,514
2013-11-11,568
2013-11-12,587
2013-11-13,572
2013-11-14,558
2013-11-15,584
2013-11-16,551
2013-11-17,489
2013-11-18,380
2013-11-19,508
2013-11-20,515
2013-11-21,497
2013-11-22,524
2013-11-23,462
2013-11-24,570
2013-11-25,324
2013-11-26,347
2013-11-27,442
2013-11-28,388
2013-11-29,496
2013-11-30,550
2013-12-01,505
2013-12-02,527
2013-12-03,477
2013-12-04,488
2013-12-05,527
2013-12-06,561
2013-12-07,414
2013-12-08,434
2013-12-09,415
2013-12-10,499
2013-12-11,420
2013-12-12,368
2013-12-13,402
2013-12-14,392
2013-12-15,468
2013-12-16,341
2013-12-17,446
2013-12-18,528
2013-12-19,513
2013-12-20,621
2013-12-21,500
2013-12-22,338
2013-12-23,385
2013-12-24,499
2013-12-25,369
2013-12-26,354
2013-12-27,378
2013-12-28,326
2013-12-29,484
2013-12-30,333
2013-12-31,377
2014-01-01,370
2014-01-02,328
2014-01-03,401
2014-01-04,479
2014-01-05,408
2014-01-06,447
2014-01-07,435
2014-01-08,500
2014-01-09,471
2014-01-10,561
2014-01-11,463
2014-01-12,420
2014-01-13,429
2014-01-14,474
2014-01-15,536
2014-01-16,567
2014-01-17,609
2014-01-18,507
2014-01-19,443
2014-01-20,349
2014-01-21,544
2014-01-22,538
2014-01-23,539
2014-01-24,475
2014-01-25,491
2014-01-26,375
2014-01-27,495
2014-01-28,318
2014-01-29,898
2014-01-30,528
2014-01-31,566
2014-02-01,456
2014-02-02,425
2014-02-03,493
2014-02-04,438
2014-02-05,597
2014-02-06,510
2014-02-07,701
2014-02-08,544
2014-02-09,466
2014-02-10,621
2014-02-11,570
2014-02-12,503
2014-02-13,663
2014-02-14,785
2014-02-15,612
2014-02-16,577
2014-02-17,719
2014-02-18,717
2014-02-19,818
2014-02-20,732
2014-02-21,805
2014-02-22,559
2014-02-23,350
2014-02-24,599
2014-02-25,577
2014-02-26,578
2014-02-27,864
2014-02-28,1162
2014-03-01,670
2014-03-02,583
2014-03-03,431
2014-03-04,507
2014-03-05,379
2014-03-06,719
2014-03-07,829
2014-03-08,580
2014-03-09,484
2014-03-10,627
2014-03-11,533
2014-03-12,580
2014-03-13,612
2014-03-14,726
2014-03-15,508
2014-03-16,316
2014-03-17,509
2014-03-18,538
2014-03-19,625
2014-03-20,505
2014-03-21,619
2014-03-22,511
2014-03-23,319
2014-03-24,457
2014-03-25,505
2014-03-26,592
2014-03-27,546
2014-03-28,465
2014-03-29,455
2014-03-30,468
2014-03-31,457
2014-04-01,526
2014-04-02,606
2014-04-03,716
2014-04-04,829
2014-04-05,394
2014-04-06,402
2014-04-07,543
2014-04-08,584
2014-04-09,627
2014-04-10,708
2014-04-11,787
2014-04-12,547
2014-04-13,493
2014-04-14,657
2014-04-15,646
2014-04-16,774
2014-04-17,369
2014-04-18,408
2014-04-19,497
2014-04-20,579
2014-04-21,369
2014-04-22,319
2014-04-23,967
2014-04-24,901
2014-04-25,1008
2014-04-26,475
2014-04-27,390
2014-04-28,665
2014-04-29,645
2014-04-30,712
2014-05-01,713
2014-05-02,772
2014-05-03,521
2014-05-04,465
2014-05-05,790
2014-05-06,710
2014-05-07,702
2014-05-08,769
2014-05-09,786
2014-05-10,538
2014-05-11,425
2014-05-12,758
2014-05-13,720
2014-05-14,808
2014-05-15,835
2014-05-16,900
2014-05-17,601
2014-05-18,511
2014-05-19,835
2014-05-20,890
2014-05-21,888
2014-05-22,901
2014-05-23,1127
2014-05-24,679
2014-05-25,619
2014-05-26,495
2014-05-27,1050
2014-05-28,857
2014-05-29,799
2014-05-30,457
2014-05-31,487
2014-06-01,470
2014-06-02,349
2014-06-03,394
2014-06-04,497
2014-06-05,460
2014-06-06,478
2014-06-07,755
2014-06-08,670
2014-06-09,520
2014-06-10,537
2014-06-11,519
2014-06-12,478
2014-06-13,484
2014-06-14,663
2014-06-15,509
2014-06-16,411
2014-06-17,435
2014-06-18,391
2014-06-19,387
2014-06-20,425
2014-06-21,517
2014-06-22,391
2014-06-23,349
2014-06-24,415
2014-06-25,410
2014-06-26,437
2014-06-27,454
2014-06-28,616
2014-06-29,536
2014-06-30,422
2014-07-01,419
2014-07-02,427
2014-07-03,511
2014-07-04,522
2014-07-05,542
2014-07-06,555
2014-07-07,469
2014-07-08,406
2014-07-09,408
2014-07-10,438
2014-07-11,466
2014-07-12,532
2014-07-13,506
2014-07-14,365
2014-07-15,359
2014-07-16,423
2014-07-17,407
2014-07-18,318
2014-07-19,496
2014-07-20,441
2014-07-21,424
2014-07-22,381
2014-07-23,402
2014-07-24,414
2014-07-25,462
2014-07-26,556
2014-07-27,506
2014-07-28,385
2014-07-29,351
2014-07-30,379
2014-07-31,412
2014-08-01,470
2014-08-02,518
2014-08-03,478
2014-08-04,413
2014-08-05,408
2014-08-06,393
2014-08-07,380
2014-08-08,466
2014-08-09,515
2014-08-10,413
2014-08-11,853
2014-08-12,1034
2014-08-13,1039
2014-08-14,994
2014-08-15,1044
2014-08-16,496
2014-08-17,378
2014-08-18,770
2014-08-19,791
2014-08-20,824
2014-08-21,787
2014-08-22,829
2014-08-23,531
2014-08-24,439
2014-08-25,667
2014-08-26,710
2014-08-27,707
2014-08-28,839
2014-08-29,772
2014-08-30,407
2014-08-31,413
2014-09-01,321
2014-09-02,748
2014-09-03,643
2014-09-04,708
2014-09-05,748
2014-09-06,449
2014-09-07,433
2014-09-08,603
2014-09-09,656
2014-09-10,631
2014-09-11,713
2014-09-12,742
2014-09-13,561
2014-09-14,509
2014-09-15,688
2014-09-16,640
2014-09-17,803
2014-09-18,795
2014-09-19,833
2014-09-20,597
2014-09-21,591
2014-09-22,729
2014-09-23,739
2014-09-24,715
2014-09-25,735
2014-09-26,776
2014-09-27,503
2014-09-28,412
2014-09-29,638
2014-09-30,700
2014-10-01,725
2014-10-02,757
2014-10-03,777
2014-10-04,492
2014-10-05,516
2014-10-06,709
2014-10-07,738
2014-10-08,707
2014-10-09,768
2014-10-10,877
2014-10-11,581
2014-10-12,539
2014-10-13,835
2014-10-14,694
2014-10-15,784
2014-10-16,835
2014-10-17,513
2014-10-18,502
2014-10-19,491
2014-10-20,758
2014-10-21,707
2014-10-22,780
2014-10-23,751
2014-10-24,867
2014-10-25,684
2014-10-26,571
2014-10-27,751
2014-10-28,759
2014-10-29,746
2014-10-30,763
2014-10-31,892
2014-11-01,603
2014-11-02,570
2014-11-03,737
2014-11-04,847
2014-11-05,838
2014-11-06,882
2014-11-07,982
2014-11-08,610
2014-11-09,719
2014-11-10,832
2014-11-11,723
2014-11-12,870
2014-11-13,785
2014-11-14,1123
2014-11-15,753
2014-11-16,622
2014-11-17,799
2014-11-18,853
2014-11-19,820
2014-11-20,846
2014-11-21,772
2014-11-22,614
2014-11-23,601
2014-11-24,467
2014-11-25,436
2014-11-26,535
2014-11-27,523
2014-11-28,624
2014-11-29,725
2014-11-30,637
2014-12-01,788
2014-12-02,699
2014-12-03,702
2014-12-04,689
2014-12-05,766
2014-12-06,590
2014-12-07,444
2014-12-08,724
2014-12-09,715
2014-12-10,694
2014-12-11,738
2014-12-12,892
2014-12-13,599
2014-12-14,544
2014-12-15,679
2014-12-16,716
2014-12-17,727
2014-12-18,703
2014-12-19,668
2014-12-20,515
2014-12-21,636
2014-12-22,438
2014-12-23,453
2014-12-24,555
2014-12-25,480
2014-12-26,584
2014-12-27,442
2014-12-28,482
2014-12-29,436
2014-12-30,413
2014-12-31,569
2015-01-01,482
2015-01-02,456
2015-01-03,476
2015-01-04,463
2015-01-05,641
2015-01-06,703
2015-01-07,669
2015-01-08,638
2015-01-09,614
2015-01-10,610
2015-01-11,463
2015-01-12,612
2015-01-13,672
2015-01-14,716
2015-01-15,678
2015-01-16,1044
2015-01-17,642
2015-01-18,543
2015-01-19,491
2015-01-20,507
2015-01-21,818
2015-01-22,639
2015-01-23,662
2015-01-24,604
2015-01-25,600
2015-01-26,692
2015-01-27,759
2015-01-28,828
2015-01-29,891
2015-01-30,941
2015-01-31,615
2015-02-01,502
2015-02-02,848
2015-02-03,665
2015-02-04,552
2015-02-05,844
2015-02-06,862
2015-02-07,575
2015-02-08,494
2015-02-09,743
2015-02-10,802
2015-02-11,907
2015-02-12,940
2015-02-13,789
2015-02-14,736
2015-02-15,670
2015-02-16,467
2015-02-17,730
2015-02-18,422
2015-02-19,382
2015-02-20,505
2015-02-21,583
2015-02-22,506
2015-02-23,616
2015-02-24,656
2015-02-25,545
2015-02-26,670
2015-02-27,897
2015-02-28,592
2015-03-01,515
2015-03-02,689
2015-03-03,722
2015-03-04,798
2015-03-05,735
2015-03-06,827
2015-03-07,631
2015-03-08,619
2015-03-09,593
2015-03-10,555
2015-03-11,730
2015-03-12,632
2015-03-13,820
2015-03-14,663
2015-03-15,662
2015-03-16,736
2015-03-17,828
2015-03-18,835
2015-03-19,697
2015-03-20,874
2015-03-21,691
2015-03-22,539
2015-03-23,681
2015-03-24,739
2015-03-25,839
2015-03-26,684
2015-03-27,865
2015-03-28,675
2015-03-29,630
2015-03-30,419
2015-03-31,441
2015-04-01,429
2015-04-02,484
2015-04-03,518
2015-04-04,617
2015-04-05,660
2015-04-06,949
2015-04-07,888
2015-04-08,826
2015-04-09,759
2015-04-10,840
2015-04-11,516
2015-04-12,427
2015-04-13,657
2015-04-14,557
2015-04-15,744
2015-04-16,700
2015-04-17,817
2015-04-18,473
2015-04-19,526
2015-04-20,675
2015-04-21,634
2015-04-22,749
2015-04-23,697
2015-04-24,838
2015-04-25,483
2015-04-26,515
2015-04-27,592
2015-04-28,682
2015-04-29,691
2015-04-30,712
2015-05-01,757
2015-05-02,609
2015-05-03,542
2015-05-04,691
2015-05-05,761
2015-05-06,806
2015-05-07,793
2015-05-08,922
2015-05-09,626
2015-05-10,602
2015-05-11,815
2015-05-12,753
2015-05-13,817
2015-05-14,867
2015-05-15,878
2015-05-16,653
2015-05-17,603
2015-05-18,701
2015-05-19,842
2015-05-20,876
2015-05-21,428
2015-05-22,540
2015-05-23,786
2015-05-24,731
2015-05-25,587
2015-05-26,520
2015-05-27,430
2015-05-28,507
2015-05-29,553
2015-05-30,692
2015-05-31,529
2015-06-01,501
2015-06-02,488
2015-06-03,529
2015-06-04,586
2015-06-05,594
2015-06-06,715
2015-06-07,649
2015-06-08,545
2015-06-09,450
2015-06-10,526
2015-06-11,538
2015-06-12,551
2015-06-13,681
2015-06-14,615
2015-06-15,540
2015-06-16,577
2015-06-17,611
2015-06-18,593
2015-06-19,631
2015-06-20,730
2015-06-21,681
2015-06-22,544
2015-06-23,547
2015-06-24,579
2015-06-25,556
2015-06-26,726
2015-06-27,732
2015-06-28,615
2015-06-29,574
2015-06-30,574
2015-07-01,591
2015-07-02,713
2015-07-03,770
2015-07-04,825
2015-07-05,682
2015-07-06,632
2015-07-07,495
2015-07-08,564
2015-07-09,601
2015-07-10,609
2015-07-11,649
2015-07-12,665
2015-07-13,532
2015-07-14,576
2015-07-15,609
2015-07-16,646
2015-07-17,624
2015-07-18,780
2015-07-19,732
2015-07-20,498
2015-07-21,466
2015-07-22,489
2015-07-23,506
2015-07-24,496
2015-07-25,584
2015-07-26,621
2015-07-27,537
2015-07-28,649
2015-07-29,581
2015-07-30,544
2015-07-31,694
2015-08-01,739
2015-08-02,662
2015-08-03,544
2015-08-04,485
2015-08-05,535
2015-08-06,526
2015-08-07,627
2015-08-08,684
2015-08-09,565
2015-08-10,549
2015-08-11,470
2015-08-12,504
2015-08-13,588
2015-08-14,554
2015-08-15,651
2015-08-16,563
2015-08-17,931
2015-08-18,833
2015-08-19,945
2015-08-20,972
2015-08-21,1044
2015-08-22,612
2015-08-23,584
2015-08-24,959
2015-08-25,962
2015-08-26,973
2015-08-27,933
2015-08-28,1145
2015-08-29,657
2015-08-30,638
2015-08-31,1080
2015-09-01,874
2015-09-02,1023
2015-09-03,965
2015-09-04,720
2015-09-05,554
2015-09-06,556
2015-09-07,455
2015-09-08,1009
2015-09-09,852
2015-09-10,954
2015-09-11,903
2015-09-12,616
2015-09-13,542
2015-09-14,863
2015-09-15,840
2015-09-16,871
2015-09-17,790
2015-09-18,900
2015-09-19,611
2015-09-20,652
2015-09-21,780
2015-09-22,712
2015-09-23,734
2015-09-24,801
2015-09-25,792
2015-09-26,560
2015-09-27,412
2015-09-28,613
2015-09-29,670
2015-09-30,854
2015-10-01,791
2015-10-02,640
2015-10-03,552
2015-10-04,576
2015-10-05,763
2015-10-06,829
2015-10-07,820
2015-10-08,829
2015-10-09,890
2015-10-10,532
2015-10-11,513
2015-10-12,857
2015-10-13,725
2015-10-14,778
2015-10-15,914
2015-10-16,1019
2015-10-17,587
2015-10-18,530
2015-10-19,776
2015-10-20,826
2015-10-21,804
2015-10-22,745
2015-10-23,846
2015-10-24,593
2015-10-25,319
2015-10-26,744
2015-10-27,797
2015-10-28,857
2015-10-29,886
2015-10-30,1164
2015-10-31,566
2015-11-01,454
2015-11-02,533
2015-11-03,589
2015-11-04,595
2015-11-05,664
2015-11-06,755
2015-11-07,419
2015-11-08,434
2015-11-09,615
2015-11-10,547
2015-11-11,574
2015-11-12,562
2015-11-13,703
2015-11-14,616
2015-11-15,503
2015-11-16,571
2015-11-17,610
2015-11-18,574
2015-11-19,667
2015-11-20,753
2015-11-21,508
2015-11-22,550
2015-11-23,424
2015-11-24,433
2015-11-25,474
2015-11-26,513
2015-11-27,573
2015-11-28,633
2015-11-29,554
2015-11-30,604
2015-12-01,528
2015-12-02,521
2015-12-03,574
2015-12-04,726
2015-12-05,585
2015-12-06,535
2015-12-07,526
2015-12-08,638
2015-12-09,823
2015-12-10,889
2015-12-11,1007
2015-12-12,671
2015-12-13,531
2015-12-14,811
2015-12-15,832
2015-12-16,812
2015-12-17,810
2015-12-18,1185
2015-12-19,578
2015-12-20,551
2015-12-21,419
2015-12-22,354
2015-12-23,425
2015-12-24,491
2015-12-25,538
2015-12-26,598
2015-12-27,647
2015-12-28,414
2015-12-29,489
2015-12-30,442
2015-12-31,581
2016-01-01,592
2016-01-02,572
2016-01-03,615
2016-01-04,963
2016-01-05,860
2016-01-06,924
2016-01-07,765
2016-01-08,977
2016-01-09,536
2016-01-10,531
2016-01-11,954
2016-01-12,770
2016-01-13,921
2016-01-14,737
2016-01-15,966
2016-01-16,679
2016-01-17,652
2016-01-18,495
2016-01-19,521
2016-01-20,726
2016-01-21,721
2016-01-22,716
2016-01-23,666
2016-01-24,538
2016-01-25,666
2016-01-26,660
2016-01-27,842
2016-01-28,787
2016-01-29,1017
2016-01-30,578
2016-01-31,532
2016-02-01,763
2016-02-02,764
2016-02-03,814
2016-02-04,963
2016-02-05,1280
2016-02-06,731
2016-02-07,717
2016-02-08,611
2016-02-09,841
2016-02-10,517
2016-02-11,507
2016-02-12,549
2016-02-13,714
2016-02-14,614
2016-02-15,737
2016-02-16,809
2016-02-17,772
2016-02-18,859
2016-02-19,988
2016-02-20,890
2016-02-21,610
2016-02-22,708
2016-02-23,841
2016-02-24,874
2016-02-25,894
2016-02-26,961
2016-02-27,749
2016-02-28,707
2016-02-29,809
2016-03-01,856
2016-03-02,930
2016-03-03,829
2016-03-04,1048
2016-03-05,716
2016-03-06,672
2016-03-07,870
2016-03-08,776
2016-03-09,807
2016-03-10,722
2016-03-11,941
2016-03-12,456
2016-03-13,595
2016-03-14,710
2016-03-15,748
2016-03-16,810
2016-03-17,823
2016-03-18,779
2016-03-19,559
2016-03-20,598
2016-03-21,417
2016-03-22,427
2016-03-23,422
2016-03-24,393
2016-03-25,475
2016-03-26,560
2016-03-27,435
2016-03-28,749
2016-03-29,868
2016-03-30,854
2016-03-31,917
2016-04-01,634
2016-04-02,668
2016-04-03,609
2016-04-04,774
2016-04-05,747
2016-04-06,748
2016-04-07,816
2016-04-08,913
2016-04-09,595
2016-04-10,640
2016-04-11,757
2016-04-12,690
2016-04-13,674
2016-04-14,777
2016-04-15,785
2016-04-16,547
2016-04-17,598
2016-04-18,669
2016-04-19,634
2016-04-20,793
2016-04-21,782
2016-04-22,868
2016-04-23,662
2016-04-24,602
2016-04-25,768
2016-04-26,671
2016-04-27,673
2016-04-28,705
2016-04-29,909
2016-04-30,467
2016-05-01,414
2016-05-02,680
2016-05-03,628
2016-05-04,773
2016-05-05,772
2016-05-06,800
2016-05-07,696
2016-05-08,656
2016-05-09,723
2016-05-10,749
2016-05-11,721
2016-05-12,824
2016-05-13,924
2016-05-14,730
2016-05-15,601
2016-05-16,757
2016-05-17,805
2016-05-18,944
2016-05-19,1035
2016-05-20,1007
2016-05-21,627
2016-05-22,603
2016-05-23,989
2016-05-24,877
2016-05-25,939
2016-05-26,1057
2016-05-27,1205
2016-05-28,582
2016-05-29,542
2016-05-30,1472
2016-05-31,1155
2016-06-01,1061
2016-06-02,1256
2016-06-03,1089
2016-06-04,573
2016-06-05,531
2016-06-06,440
2016-06-07,477
2016-06-08,526
2016-06-09,531
2016-06-10,489
2016-06-11,608
2016-06-12,598
2016-06-13,458
2016-06-14,458
2016-06-15,418
2016-06-16,443
2016-06-17,489
2016-06-18,548
2016-06-19,631
2016-06-20,456
2016-06-21,495
2016-06-22,508
2016-06-23,509
2016-06-24,462
2016-06-25,567
2016-06-26,622
2016-06-27,477
2016-06-28,429
2016-06-29,465
2016-06-30,501
2016-07-01,613
2016-07-02,649
2016-07-03,727
2016-07-04,691
2016-07-05,580
2016-07-06,579
2016-07-07,520
2016-07-08,560
2016-07-09,600
2016-07-10,465
2016-07-11,465
2016-07-12,489
2016-07-13,487
2016-07-14,443
2016-07-15,495
2016-07-16,591
2016-07-17,502
2016-07-18,435
2016-07-19,461
2016-07-20,520
2016-07-21,507
2016-07-22,537
2016-07-23,587
2016-07-24,579
2016-07-25,443
2016-07-26,397
2016-07-27,451
2016-07-28,495
2016-07-29,481
2016-07-30,606
2016-07-31,521
2016-08-01,405
2016-08-02,500
2016-08-03,476
2016-08-04,463
2016-08-05,572
2016-08-06,607
2016-08-07,560
2016-08-08,489
2016-08-09,391
2016-08-10,372
2016-08-11,311
2016-08-12,291
2016-08-13,466
2016-08-14,480
2016-08-15,690
2016-08-16,728
2016-08-17,794
2016-08-18,838
2016-08-19,939
2016-08-20,570
2016-08-21,533
2016-08-22,694
2016-08-23,687
2016-08-24,808
2016-08-25,821
2016-08-26,887
2016-08-27,650
2016-08-28,448
2016-08-29,731
2016-08-30,742
2016-08-31,822
2016-09-01,935
2016-09-02,999
2016-09-03,566
2016-09-04,503
2016-09-05,362
2016-09-06,439
2016-09-07,905
2016-09-08,897
2016-09-09,989
2016-09-10,582
2016-09-11,510
2016-09-12,807
2016-09-13,822
2016-09-14,815
2016-09-15,914
2016-09-16,819
2016-09-17,618
2016-09-18,575
2016-09-19,799
2016-09-20,826
2016-09-21,908
2016-09-22,895
2016-09-23,945
2016-09-24,535
2016-09-25,549
2016-09-26,928
2016-09-27,883
2016-09-28,893
2016-09-29,933
2016-09-30,1085
2016-10-01,504
2016-10-02,556
2016-10-03,974
2016-10-04,812
2016-10-05,907
2016-10-06,918
2016-10-07,1035
2016-10-08,593
2016-10-09,523
2016-10-10,950
2016-10-11,876
2016-10-12,935
2016-10-13,882
2016-10-14,1092
2016-10-15,640
2016-10-16,589
2016-10-17,857
2016-10-18,833
2016-10-19,876
2016-10-20,366
2016-10-21,460
2016-10-22,555
2016-10-23,492
2016-10-24,796
2016-10-25,893
2016-10-26,966
2016-10-27,967
2016-10-28,1116
2016-10-29,639
2016-10-30,647
2016-10-31,934
2016-11-01,892
2016-11-02,814
2016-11-03,904
2016-11-04,1076
2016-11-05,566
2016-11-06,513
2016-11-07,730
2016-11-08,337
2016-11-09,753
2016-11-10,837
2016-11-11,761
2016-11-12,647
2016-11-13,567
2016-11-14,790
2016-11-15,729
2016-11-16,702
2016-11-17,791
2016-11-18,890
2016-11-19,564
2016-11-20,433
2016-11-21,430
2016-11-22,403
2016-11-23,462
2016-11-24,598
2016-11-25,548
2016-11-26,658
2016-11-27,665
2016-11-28,700
2016-11-29,668
2016-11-30,643
2016-12-01,689
2016-12-02,818
2016-12-03,478
2016-12-04,426
2016-12-05,517
2016-12-06,623
2016-12-07,684
2016-12-08,601
2016-12-09,820
2016-12-10,531
2016-12-11,502
2016-12-12,668
2016-12-13,666
2016-12-14,636
2016-12-15,749
2016-12-16,880
2016-12-17,496
2016-12-18,413
2016-12-19,961
2016-12-20,1062
2016-12-21,1045
2016-12-22,620
2016-12-23,645
2016-12-24,573
2016-12-25,454
2016-12-26,462
2016-12-27,412
2016-12-28,406
2016-12-29,412
2016-12-30,469
2016-12-31,392
2017-01-01,302
2017-01-02,302
2017-01-03,345
2017-01-04,323
2017-01-05,340
2017-01-06,290
2017-01-07,429
2017-01-08,431
2017-01-09,265
2017-01-10,582
2017-01-11,572
2017-01-12,612
2017-01-13,641
2017-01-14,428
2017-01-15,404
2017-01-16,358
2017-01-17,688
2017-01-18,644
2017-01-19,497
2017-01-20,769
2017-01-21,345
2017-01-22,414
2017-01-23,684
2017-01-24,611
2017-01-25,642
2017-01-26,635
2017-01-27,666
2017-01-28,453
2017-01-29,477
2017-01-30,634
2017-01-31,627
2017-02-01,640
2017-02-02,667
2017-02-03,721
2017-02-04,414
2017-02-05,494
2017-02-06,677
2017-02-07,669
2017-02-08,691
2017-02-09,688
2017-02-10,1258
2017-02-11,459
2017-02-12,604
2017-02-13,1314
2017-02-14,977
2017-02-15,960
2017-02-16,749
2017-02-17,824
2017-02-18,525
2017-02-19,509
2017-02-20,773
2017-02-21,672
2017-02-22,769
2017-02-23,886
2017-02-24,429
2017-02-25,482
2017-02-26,569
2017-02-27,522
2017-02-28,605
2017-03-01,379
2017-03-02,382
2017-03-03,458
2017-03-04,511
2017-03-05,493
2017-03-06,935
2017-03-07,979
2017-03-08,913
2017-03-09,1132
2017-03-10,778
2017-03-11,522
2017-03-12,394
2017-03-13,997
2017-03-14,1094
2017-03-15,1015
2017-03-16,743
2017-03-17,1525
2017-03-18,483
2017-03-19,524
2017-03-20,1149
2017-03-21,988
2017-03-22,876
2017-03-23,733
2017-03-24,726
2017-03-25,392
2017-03-26,623
2017-03-27,1086
2017-03-28,737
2017-03-29,1043
2017-03-30,789
2017-03-31,1085
2017-04-01,496
2017-04-02,419
2017-04-03,635
2017-04-04,1096
2017-04-05,830
2017-04-06,750
2017-04-07,1385
2017-04-08,542
2017-04-09,622
2017-04-10,1178
2017-04-11,1008
2017-04-12,1100
2017-04-13,669
2017-04-14,442
2017-04-15,505
2017-04-16,466
2017-04-17,656
2017-04-18,598
2017-04-19,1230
2017-04-20,1107
2017-04-21,1610
2017-04-22,656
2017-04-23,481
2017-04-24,1165
2017-04-25,716
2017-04-26,675
2017-04-27,1046
2017-04-28,1082
2017-04-29,585
2017-04-30,336
2017-05-01,1697
2017-05-02,1351
2017-05-03,791
2017-05-04,1256
2017-05-05,1368
2017-05-06,515
2017-05-07,623
2017-05-08,1076
2017-05-09,1272
2017-05-10,1174
2017-05-11,1113
2017-05-12,1327
2017-05-13,631
2017-05-14,670
2017-05-15,925
2017-05-16,1046
2017-05-17,444
2017-05-18,941
2017-05-19,491
2017-05-20,534
2017-05-21,511
2017-05-22,541
2017-05-23,686
2017-05-24,693
2017-05-25,541
2017-05-26,710
2017-05-27,752
2017-05-28,753
2017-05-29,418
2017-05-30,396
2017-05-31,486
2017-06-01,395
2017-06-02,686
2017-06-03,589
2017-06-04,872
2017-06-05,490
2017-06-06,507
2017-06-07,711
2017-06-08,671
2017-06-09,698
2017-06-10,622
2017-06-11,632
2017-06-12,502
2017-06-13,661
2017-06-14,697
2017-06-15,708
2017-06-16,757
2017-06-17,638
2017-06-18,697
2017-06-19,703
2017-06-20,435
2017-06-21,510
2017-06-22,672
2017-06-23,618
2017-06-24,786
2017-06-25,790
2017-06-26,558
2017-06-27,592
2017-06-28,704
2017-06-29,686
2017-06-30,692
2017-07-01,688
2017-07-02,941
2017-07-03,706
2017-07-04,639
2017-07-05,612
2017-07-06,680
2017-07-07,502
2017-07-08,644
2017-07-09,756
2017-07-10,524
2017-07-11,576
2017-07-12,569
2017-07-13,643
2017-07-14,709
2017-07-15,675
2017-07-16,934
2017-07-17,742
2017-07-18,686
2017-07-19,671
2017-07-20,610
2017-07-21,687
2017-07-22,616
2017-07-23,737
2017-07-24,526
2017-07-25,581
2017-07-26,706
2017-07-27,701
2017-07-28,581
2017-07-29,690
2017-07-30,720
2017-07-31,563
2017-08-01,562
2017-08-02,476
2017-08-03,428
2017-08-04,518
2017-08-05,602
2017-08-06,601
2017-08-07,692
2017-08-08,559
2017-08-09,658
2017-08-10,649
2017-08-11,665
2017-08-12,774
2017-08-13,979
2017-08-14,2898
2017-08-15,2407
2017-08-16,2450
2017-08-17,2421
2017-08-18,2444
2017-08-19,649
2017-08-20,840
2017-08-21,2452
2017-08-22,2444
2017-08-23,2255
2017-08-24,2529
2017-08-25,2370
2017-08-26,679
2017-08-27,605
2017-08-28,2339
2017-08-29,417
2017-08-30,2311
2017-08-31,2153
2017-09-01,2432
2017-09-02,690
2017-09-03,717
2017-09-04,517
2017-09-05,2558
2017-09-06,2239
2017-09-07,2414
2017-09-08,3112
2017-09-09,764
2017-09-10,733
2017-09-11,2893
2017-09-12,2901
2017-09-13,2762
2017-09-14,2749
2017-09-15,2723
2017-09-16,703
2017-09-17,754
2017-09-18,2698
2017-09-19,2676
2017-09-20,2724
2017-09-21,2759
2017-09-22,3101
2017-09-23,921
2017-09-24,768
2017-09-25,2833
2017-09-26,2523
2017-09-27,2810
2017-09-28,2582
2017-09-29,2868
2017-09-30,812
2017-10-01,789
2017-10-02,2091
2017-10-03,2450
2017-10-04,2386
2017-10-05,2601
2017-10-06,3220
2017-10-07,516
2017-10-08,513
2017-10-09,2498
2017-10-10,2559
2017-10-11,2423
2017-10-12,2610
2017-10-13,3043
2017-10-14,637
2017-10-15,605
2017-10-16,2242
2017-10-17,1907
2017-10-18,2193
2017-10-19,447
2017-10-20,554
2017-10-21,771
2017-10-22,660
2017-10-23,2336
2017-10-24,2217
2017-10-25,2241
2017-10-26,2540
2017-10-27,2659
2017-10-28,698
2017-10-29,841
2017-10-30,2449
2017-10-31,2344
2017-11-01,2455
2017-11-02,2291
2017-11-03,2532
2017-11-04,736
2017-11-05,828
2017-11-06,2373
2017-11-07,2287
2017-11-08,1815
2017-11-09,2145
2017-11-10,2691
2017-11-11,699
2017-11-12,748
2017-11-13,2169
2017-11-14,2209
2017-11-15,2270
2017-11-16,2394
2017-11-17,2684
2017-11-18,806
2017-11-19,826
2017-11-20,543
2017-11-21,664
2017-11-22,692
2017-11-23,698
2017-11-24,681
2017-11-25,812
2017-11-26,861
2017-11-27,2438
2017-11-28,2372
2017-11-29,2241
2017-11-30,2282
2017-12-01,2495
2017-12-02,739
2017-12-03,872
2017-12-04,2282
2017-12-05,2148
2017-12-06,1939
2017-12-07,1854
2017-12-08,2109
2017-12-09,673
2017-12-10,748
2017-12-11,2269
2017-12-12,2307
2017-12-13,2255
2017-12-14,2130
2017-12-15,2310
2017-12-16,730
2017-12-17,567
2017-12-18,2400
2017-12-19,2834
2017-12-20,2010
2017-12-21,1565
2017-12-22,728
2017-12-23,677
2017-12-24,883
2017-12-25,705
2017-12-26,539
2017-12-27,455
2017-12-28,532
2017-12-29,622
2017-12-30,717
2017-12-31,678
2018-01-01,729
2018-01-02,523
2018-01-03,491
2018-01-04,493
2018-01-05,506
2018-01-06,738
2018-01-07,766
2018-01-08,2071
2018-01-09,1978
2018-01-10,2011
2018-01-11,2073
2018-01-12,2453
2018-01-13,817
2018-01-14,839
2018-01-15,581
2018-01-16,2360
2018-01-17,408
2018-01-18,603
2018-01-19,616
2018-01-20,634
2018-01-21,752
2018-01-22,2093
2018-01-23,2038
2018-01-24,2065
2018-01-25,2055
2018-01-26,2063
2018-01-27,549
2018-01-28,604
2018-01-29,2181
2018-01-30,2050
2018-01-31,2133
2018-02-01,1962
2018-02-02,1855
2018-02-03,455
2018-02-04,557
2018-02-05,2119
2018-02-06,1873
2018-02-07,2002
2018-02-08,2403
2018-02-09,532
2018-02-10,629
2018-02-11,622
2018-02-12,675
2018-02-13,953
2018-02-14,595
2018-02-15,515
2018-02-16,476
2018-02-17,597
2018-02-18,589
2018-02-19,2303
2018-02-20,2193
2018-02-21,2123
2018-02-22,2100
2018-02-23,2092
2018-02-24,708
2018-02-25,627
2018-02-26,2030
2018-02-27,1881
2018-02-28,2264
2018-03-01,1945
2018-03-02,2266
2018-03-03,787
2018-03-04,755
2018-03-05,2133
2018-03-06,1861
2018-03-07,2323
2018-03-08,2213
2018-03-09,2541
2018-03-10,713
2018-03-11,603
2018-03-12,542
2018-03-13,1981
2018-03-14,2283
2018-03-15,2131
2018-03-16,2059
2018-03-17,757
2018-03-18,664
2018-03-19,1966
2018-03-20,2113
2018-03-21,2051
2018-03-22,1970
2018-03-23,2294
2018-03-24,694
2018-03-25,784
2018-03-26,2177
2018-03-27,2021
2018-03-28,2499
2018-03-29,2281
2018-03-30,628
2018-03-31,769
2018-04-01,819
2018-04-02,520
2018-04-03,468
2018-04-04,467
2018-04-05,502
2018-04-06,621
2018-04-07,655
2018-04-08,726
2018-04-09,1927
2018-04-10,2067
2018-04-11,2141
2018-04-12,2035
2018-04-13,2356
2018-04-14,448
2018-04-15,806
2018-04-16,2113
2018-04-17,2170
2018-04-18,2287
2018-04-19,2170
2018-04-20,2227
2018-04-21,726
2018-04-22,712
2018-04-23,2025
2018-04-24,2211
2018-04-25,2219
2018-04-26,2150
2018-04-27,2224
2018-04-28,700
2018-04-29,746
2018-04-30,2326
2018-05-01,2045
2018-05-02,2148
2018-05-03,2372
2018-05-04,2455
2018-05-05,753
2018-05-06,797
2018-05-07,2088
2018-05-08,2100
2018-05-09,2238
2018-05-10,2505
2018-05-11,2547
2018-05-12,875
2018-05-13,757
2018-05-14,2663
2018-05-15,2466
2018-05-16,2790
2018-05-17,777
2018-05-18,866
2018-05-19,768
2018-05-20,740
2018-05-21,788
2018-05-22,575
2018-05-23,741
2018-05-24,602
2018-05-25,524
2018-05-26,595
2018-05-27,675
2018-05-28,564
2018-05-29,580
2018-05-30,805
2018-05-31,602
2018-06-01,640
2018-06-02,697
2018-06-03,812
2018-06-04,596
2018-06-05,512
2018-06-06,599
2018-06-07,598
2018-06-08,628
2018-06-09,681
2018-06-10,741
2018-06-11,598
2018-06-12,543
2018-06-13,627
2018-06-14,639
2018-06-15,643
2018-06-16,678
2018-06-17,831
2018-06-18,537
2018-06-19,517
2018-06-20,506
2018-06-21,645
2018-06-22,666
2018-06-23,691
2018-06-24,778
2018-06-25,662
2018-06-26,672
2018-06-27,858
2018-06-28,798
2018-06-29,648
2018-06-30,703
2018-07-01,646
2018-07-02,592
2018-07-03,640
2018-07-04,655
2018-07-05,853
2018-07-06,687
2018-07-07,787
2018-07-08,733
2018-07-09,787
2018-07-10,766
2018-07-11,771
2018-07-12,610
2018-07-13,586
2018-07-14,666
2018-07-15,618
2018-07-16,610
2018-07-17,509
2018-07-18,538
2018-07-19,662
2018-07-20,734
2018-07-21,780
2018-07-22,912
2018-07-23,694
2018-07-24,702
2018-07-25,623
2018-07-26,694
2018-07-27,693
2018-07-28,679
2018-07-29,711
2018-07-30,580
2018-07-31,579
2018-08-01,634
2018-08-02,563
2018-08-03,638
2018-08-04,603
2018-08-05,751
2018-08-06,542
2018-08-07,520
2018-08-08,589
2018-08-09,438
2018-08-10,522
2018-08-11,648
2018-08-12,795
2018-08-13,3359
2018-08-14,3214
2018-08-15,2653
2018-08-16,2690
2018-08-17,3026
2018-08-18,563
2018-08-19,635
2018-08-20,2905
2018-08-21,2983
2018-08-22,2905
2018-08-23,2470
2018-08-24,2734
2018-08-25,653
2018-08-26,698
2018-08-27,2547
2018-08-28,2467
2018-08-29,2557
2018-08-30,2333
2018-08-31,2514
2018-09-01,668
2018-09-02,571
2018-09-03,499
2018-09-04,417
2018-09-05,478
2018-09-06,2248
2018-09-07,2370
2018-09-08,622
2018-09-09,644
2018-09-10,2056
2018-09-11,2046
2018-09-12,2468
2018-09-13,2333
2018-09-14,2551
2018-09-15,686
2018-09-16,726
2018-09-17,2265
2018-09-18,2322
2018-09-19,2604
2018-09-20,2010
2018-09-21,2342
2018-09-22,666
2018-09-23,706
2018-09-24,2235
2018-09-25,1832
2018-09-26,1977
2018-09-27,1745
2018-09-28,1963
2018-09-29,588
2018-09-30,616
2018-10-01,1930
2018-10-02,2013
2018-10-03,1927
2018-10-04,1997
2018-10-05,2316
2018-10-06,601
2018-10-07,666
2018-10-08,383
2018-10-09,336
2018-10-10,2116
2018-10-11,1925
2018-10-12,2319
2018-10-13,775
2018-10-14,628
2018-10-15,2046
2018-10-16,1738
2018-10-17,1793
2018-10-18,1826
2018-10-19,2024
2018-10-20,606
2018-10-21,622
2018-10-22,2076
2018-10-23,1459
2018-10-24,1934
2018-10-25,1659
2018-10-26,2366
2018-10-27,665
2018-10-28,735
2018-10-29,2103
2018-10-30,1661
2018-10-31,1887
2018-11-01,1827
2018-11-02,2002
2018-11-03,667
2018-11-04,537
2018-11-05,1749
2018-11-06,553
2018-11-07,1685
2018-11-08,1905
2018-11-09,1975
2018-11-10,697
2018-11-11,665
2018-11-12,1632
2018-11-13,1944
2018-11-14,2094
2018-11-15,2232
2018-11-16,2189
2018-11-17,628
2018-11-18,727
2018-11-19,462
2018-11-20,542
2018-11-21,674
2018-11-22,756
2018-11-23,660
2018-11-24,889
2018-11-25,667
2018-11-26,2131
2018-11-27,2018
2018-11-28,2137
2018-11-29,1640
2018-11-30,1885
2018-12-01,499
2018-12-02,642
2018-12-03,2026
2018-12-04,1881
2018-12-05,2222
2018-12-06,1905
2018-12-07,2041
2018-12-08,444
2018-12-09,651
2018-12-10,1831
2018-12-11,2139
2018-12-12,1965
2018-12-13,1623
2018-12-14,1906
2018-12-15,556
2018-12-16,591
2018-12-17,2382
2018-12-18,2113
2018-12-19,2475
2018-12-20,2802
2018-12-21,4008
2018-12-22,686
2018-12-23,807
2018-12-24,644
2018-12-25,616
2018-12-26,561
2018-12-27,468
2018-12-28,329
2018-12-29,260
2018-12-30,221
2018-12-31,147
2019-01-01,143
2019-01-02,264
2019-01-03,197
2019-01-04,216
2019-01-05,274
2019-01-06,213
2019-01-07,184
2019-01-08,2021
2019-01-09,2333
2019-01-10,2378
2019-01-11,2250
2019-01-12,248
2019-01-13,233
2019-01-14,2186
2019-01-15,2268
2019-01-16,2250
2019-01-17,2334
2019-01-18,2320
2019-01-19,221
2019-01-20,331
2019-01-21,139
2019-01-22,1966
2019-01-23,2231
2019-01-24,2099
2019-01-25,2098
2019-01-26,205
2019-01-27,250
2019-01-28,1884
2019-01-29,1843
2019-01-30,1877
2019-01-31,1752
2019-02-01,1587
2019-02-02,220
2019-02-03,288
2019-02-04,2673
2019-02-05,2521
2019-02-06,3091
2019-02-07,3059
2019-02-08,3145
2019-02-09,339
2019-02-10,455
2019-02-11,3149
2019-02-12,2790
2019-02-13,3661
2019-02-14,3286
2019-02-15,2861
2019-02-16,267
2019-02-17,445
2019-02-18,3518
2019-02-19,3039
2019-02-20,3673
2019-02-21,3407
2019-02-22,3680
2019-02-23,261
2019-02-24,268
2019-02-25,2928
2019-02-26,2786
2019-02-27,3465
2019-02-28,3063
2019-03-01,5136
2019-03-02,266
2019-03-03,268
2019-03-04,278
2019-03-05,383
2019-03-06,314
2019-03-07,339
2019-03-08,355
2019-03-09,367
2019-03-10,439
2019-03-11,3273
2019-03-12,3307
2019-03-13,3465
2019-03-14,3489
2019-03-15,3228
2019-03-16,349
2019-03-17,478
2019-03-18,3283
2019-03-19,3420
2019-03-20,3082
2019-03-21,2837
2019-03-22,3701
2019-03-23,390
2019-03-24,433
2019-03-25,3355
2019-03-26,3372
2019-03-27,3208
2019-03-28,2936
2019-03-29,2877
2019-03-30,434
2019-03-31,411
2019-04-01,3099
2019-04-02,2643
2019-04-03,2430
2019-04-04,1769
2019-04-05,2077
2019-04-06,317
2019-04-07,439
2019-04-08,2120
2019-04-09,2386
2019-04-10,2473
2019-04-11,2208
2019-04-12,2377
2019-04-13,338
2019-04-14,573
2019-04-15,2303
2019-04-16,2800
2019-04-17,2691
2019-04-18,3018
2019-04-19,302
2019-04-20,498
2019-04-21,523
2019-04-22,530
2019-04-23,473
2019-04-24,531
2019-04-25,385
2019-04-26,367
2019-04-27,336
2019-04-28,373
2019-04-29,2090
2019-04-30,2122
2019-05-01,2369
2019-05-02,2039
2019-05-03,2359
2019-05-04,304
2019-05-05,492
2019-05-06,2319
2019-05-07,2373
2019-05-08,2383
2019-05-09,2011
2019-05-10,2274
2019-05-11,344
2019-05-12,333
2019-05-13,2184
2019-05-14,2121
2019-05-15,2283
2019-05-16,2742
2019-05-17,2418
2019-05-18,375
2019-05-19,484
2019-05-20,2794
2019-05-21,2827
2019-05-22,1945
2019-05-23,2659
2019-05-24,2783
2019-05-25,323
2019-05-26,435
2019-05-27,324
2019-05-28,381
2019-05-29,267
2019-05-30,265
2019-05-31,300
2019-06-01,337
2019-06-02,338
2019-06-03,296
2019-06-04,316
2019-06-05,498
2019-06-06,405
2019-06-07,449
2019-06-08,459
2019-06-09,577
2019-06-10,574
2019-06-11,462
2019-06-12,451
2019-06-13,426
2019-06-14,357
2019-06-15,394
2019-06-16,455
2019-06-17,343
2019-06-18,391
2019-06-19,530
2019-06-20,423
2019-06-21,347
2019-06-22,412
2019-06-23,389
2019-06-24,384
2019-06-25,420
2019-06-26,423
2019-06-27,324
2019-06-28,344
2019-06-29,298
2019-06-30,569
2019-07-01,482
2019-07-02,482
2019-07-03,644
2019-07-04,373
2019-07-05,600
2019-07-06,529
2019-07-07,571
2019-07-08,488
2019-07-09,418
2019-07-10,201
2019-07-11,265
2019-07-12,240
2019-07-13,115
2019-07-14,163
2019-07-15,499
2019-07-16,419
2019-07-17,403
2019-07-18,395
2019-07-19,392
2019-07-20,422
2019-07-21,471
2019-07-22,438
2019-07-23,442
2019-07-24,668
2019-07-25,373
2019-07-26,481
2019-07-27,408
2019-07-28,746
2019-07-29,554
2019-07-30,394
2019-07-31,453
2019-08-01,481
2019-08-02,498
2019-08-03,460
2019-08-04,417
2019-08-05,468
2019-08-06,465
2019-08-07,503
2019-08-08,471
2019-08-09,287
2019-08-10,384
2019-08-11,610
2019-08-12,2578
2019-08-13,2254
2019-08-14,2378
2019-08-15,2366
2019-08-16,2418
2019-08-17,452
2019-08-18,541
2019-08-19,2262
2019-08-20,2280
2019-08-21,2534
2019-08-22,2240
2019-08-23,2418
2019-08-24,411
2019-08-25,552
2019-08-26,1908
2019-08-27,1967
2019-08-28,2193
2019-08-29,2338
2019-08-30,2216
2019-08-31,456
2019-09-01,575
2019-09-02,297
2019-09-03,2343
2019-09-04,2294
2019-09-05,1878
2019-09-06,2083
2019-09-07,443
2019-09-08,548
2019-09-09,2161
2019-09-10,1935
2019-09-11,2207
2019-09-12,2256
2019-09-13,2091
2019-09-14,447
2019-09-15,560
2019-09-16,2110
2019-09-17,1813
2019-09-18,2051
2019-09-19,2047
2019-09-20,1935
2019-09-21,437
2019-09-22,571
2019-09-23,2307
2019-09-24,3033
2019-09-25,2326
2019-09-26,2190
2019-09-27,2090
2019-09-28,406
2019-09-29,470
2019-09-30,3137
2019-10-01,2426
2019-10-02,2911
2019-10-03,2174
2019-10-04,2262
2019-10-05,419
2019-10-06,419
2019-10-07,2094
2019-10-08,1935
2019-10-09,2911
2019-10-10,2422
2019-10-11,2996
2019-10-12,365
2019-10-13,506
2019-10-14,2409
2019-10-15,2607
2019-10-16,2250
2019-10-17,2049
2019-10-18,2048
2019-10-19,334
2019-10-20,635
2019-10-21,1829
2019-10-22,1991
2019-10-23,1934
2019-10-24,1947
2019-10-25,1847
2019-10-26,356
2019-10-27,455
2019-10-28,2218
2019-10-29,2090
2019-10-30,2428
2019-10-31,2464
2019-11-01,2371
2019-11-02,412
2019-11-03,608
2019-11-04,2233
2019-11-05,1734
2019-11-06,2249
2019-11-07,1962
2019-11-08,1924
2019-11-09,380
2019-11-10,499
2019-11-11,302
2019-11-12,1938
2019-11-13,1898
2019-11-14,1701
2019-11-15,2044
2019-11-16,314
2019-11-17,606
2019-11-18,1382
2019-11-19,599
2019-11-20,1488
2019-11-21,858
2019-11-22,145
2019-11-25,97
