date,Daily Total
2003-11-01,46
2003-11-02,31
2003-11-03,69
2003-11-04,57
2003-11-05,56
2003-11-06,57
2003-11-07,48
2003-11-08,43
2003-11-09,32
2003-11-10,58
2003-11-11,52
2003-11-12,55
2003-11-13,54
2003-11-14,57
2003-11-15,29
2003-11-16,11
2003-11-17,48
2003-11-18,52
2003-11-19,54
2003-11-20,68
2003-11-21,64
2003-11-22,37
2003-11-23,27
2003-11-24,62
2003-11-25,56
2003-11-26,57
2003-11-27,39
2003-11-28,26
2003-11-29,23
2003-11-30,10
2003-12-01,50
2003-12-02,44
2003-12-03,33
2003-12-04,49
2003-12-05,37
2003-12-06,34
2003-12-07,21
2003-12-08,34
2003-12-09,57
2003-12-10,62
2003-12-11,44
2003-12-12,43
2003-12-13,39
2003-12-14,24
2003-12-15,44
2003-12-16,44
2003-12-17,32
2003-12-18,53
2003-12-19,40
2003-12-20,27
2003-12-21,24
2003-12-22,49
2003-12-23,35
2003-12-24,48
2003-12-25,15
2003-12-26,39
2003-12-27,30
2003-12-28,19
2003-12-29,42
2003-12-30,42
2003-12-31,41
2004-01-01,24
2004-01-02,42
2004-01-03,25
2004-01-04,16
2004-01-05,17
2004-01-06,16
2004-01-07,36
2004-01-08,30
2004-01-09,22
2004-01-10,15
2004-01-11,22
2004-01-12,54
2004-01-13,49
2004-01-14,37
2004-01-15,30
2004-01-16,36
2004-01-17,35
2004-01-18,18
2004-01-19,28
2004-01-20,37
2004-01-21,25
2004-01-22,35
2004-01-23,46
2004-01-24,25
2004-01-25,10
2004-01-26,31
2004-01-27,34
2004-01-28,26
2004-01-29,32
2004-01-30,24
2004-01-31,14
2004-02-01,24
2004-02-02,26
2004-02-03,32
2004-02-04,48
2004-02-05,28
2004-02-06,28
2004-02-07,29
2004-02-08,21
2004-02-09,26
2004-02-10,33
2004-02-11,42
2004-02-12,39
2004-02-13,34
2004-02-14,32
2004-02-15,28
2004-02-16,41
2004-02-17,44
2004-02-18,27
2004-02-19,43
2004-02-20,41
2004-02-21,41
2004-02-22,20
2004-02-23,47
2004-02-24,33
2004-02-25,37
2004-02-26,64
2004-02-27,64
2004-02-28,67
2004-02-29,53
2004-03-01,93
2004-03-02,124
2004-03-03,55
2004-03-04,116
2004-03-05,156
2004-03-06,100
2004-03-07,92
2004-03-08,126
2004-03-09,148
2004-03-10,110
2004-03-11,120
2004-03-12,151
2004-03-13,156
2004-03-14,125
2004-03-15,150
2004-03-16,179
2004-03-17,147
2004-03-18,201
2004-03-19,243
2004-03-20,237
2004-03-21,188
2004-03-22,170
2004-03-23,216
2004-03-24,201
2004-03-25,224
2004-03-26,225
2004-03-27,204
2004-03-28,162
2004-03-29,213
2004-03-30,192
2004-03-31,174
2004-04-01,198
2004-04-02,204
2004-04-03,223
2004-04-04,185
2004-04-05,222
2004-04-06,257
2004-04-07,244
2004-04-08,289
2004-04-09,268
2004-04-10,252
2004-04-11,185
2004-04-12,231
2004-04-13,251
2004-04-14,243
2004-04-15,252
2004-04-16,291
2004-04-17,266
2004-04-18,194
2004-04-19,254
2004-04-20,269
2004-04-21,241
2004-04-22,247
2004-04-23,348
2004-04-24,242
2004-04-25,204
2004-04-26,257
2004-04-27,266
2004-04-28,292
2004-04-29,265
2004-04-30,273
2004-05-01,259
2004-05-02,233
2004-05-03,282
2004-05-04,279
2004-05-05,296
2004-05-06,294
2004-05-07,280
2004-05-08,277
2004-05-09,273
2004-05-10,296
2004-05-11,325
2004-05-12,286
2004-05-13,301
2004-05-14,319
2004-05-15,287
2004-05-16,287
2004-05-17,356
2004-05-18,331
2004-05-19,341
2004-05-20,337
2004-05-21,314
2004-05-22,302
2004-05-23,273
2004-05-24,285
2004-05-25,280
2004-05-26,299
2004-05-27,328
2004-05-28,340
2004-05-29,315
2004-05-30,226
2004-05-31,183
2004-06-01,362
2004-06-02,361
2004-06-03,308
2004-06-04,379
2004-06-05,261
2004-06-06,265
2004-06-07,270
2004-06-08,26
2004-06-09,20
2004-06-10,189
2004-06-11,335
2004-06-12,328
2004-06-13,240
2004-06-14,336
2004-06-15,319
2004-06-16,363
2004-06-17,338
2004-06-18,387
2004-06-19,347
2004-06-20,258
2004-06-21,304
2004-06-22,310
2004-06-23,303
2004-06-24,313
2004-06-25,335
2004-06-26,301
2004-06-27,262
2004-06-28,323
2004-06-29,340
2004-06-30,364
2004-07-01,362
2004-07-02,371
2004-07-03,310
2004-07-04,241
2004-07-05,267
2004-07-06,300
2004-07-07,332
2004-07-08,323
2004-07-09,372
2004-07-10,298
2004-07-11,266
2004-07-12,330
2004-07-13,317
2004-07-14,323
2004-07-15,326
2004-07-16,420
2004-07-17,347
2004-07-18,294
2004-07-19,345
2004-07-20,369
2004-07-21,341
2004-07-22,330
2004-07-23,358
2004-07-24,349
2004-07-25,250
2004-07-26,235
2004-07-27,235
2004-07-28,262
2004-07-29,253
2004-07-30,339
2004-07-31,334
2004-08-01,336
2004-08-02,341
2004-08-03,324
2004-08-04,330
2004-08-05,339
2004-08-06,361
2004-08-07,305
2004-08-08,299
2004-08-09,352
2004-08-10,352
2004-08-11,324
2004-08-12,368
2004-08-13,369
2004-08-14,354
2004-08-15,274
2004-08-16,349
2004-08-17,294
2004-08-18,350
2004-08-19,359
2004-08-20,426
2004-08-21,363
2004-08-22,298
2004-08-23,346
2004-08-24,376
2004-08-25,348
2004-08-26,307
2004-08-27,373
2004-08-28,340
2004-08-29,236
2004-08-30,293
2004-08-31,277
2004-09-01,309
2004-09-02,359
2004-09-03,374
2004-09-04,293
2004-09-05,259
2004-09-06,201
2004-09-07,306
2004-09-08,334
2004-09-09,330
2004-09-10,345
2004-09-11,386
2004-09-12,311
2004-09-13,323
2004-09-14,386
2004-09-15,386
2004-09-16,326
2004-09-17,391
2004-09-18,394
2004-09-19,303
2004-09-20,312
2004-09-21,374
2004-09-22,342
2004-09-23,365
2004-09-24,309
2004-09-25,338
2004-09-26,265
2004-09-27,309
2004-09-28,345
2004-09-29,152
2004-09-30,105
2004-10-01,321
2004-10-02,353
2004-10-03,308
2004-10-04,339
2004-10-05,354
2004-10-06,278
2004-10-07,316
2004-10-08,381
2004-10-09,307
2004-10-10,258
2004-10-11,355
2004-10-12,357
2004-10-13,363
2004-10-14,495
2004-10-15,515
2004-10-16,473
2004-10-17,391
2004-10-18,414
2004-10-19,388
2004-10-20,438
2004-10-21,483
2004-10-22,530
2004-10-23,495
2004-10-24,457
2004-10-25,465
2004-10-26,453
2004-10-27,467
2004-10-28,475
2004-10-29,493
2004-10-30,515
2004-10-31,419
2004-11-01,418
2004-11-02,475
2004-11-03,512
2004-11-04,576
2004-11-05,694
2004-11-06,675
2004-11-07,498
2004-11-08,239
2004-11-09,146
2004-11-10,600
2004-11-11,626
2004-11-12,705
2004-11-13,625
2004-11-14,521
2004-11-15,545
2004-11-16,523
2004-11-17,509
2004-11-18,519
2004-11-19,672
2004-11-20,625
2004-11-21,529
2004-11-22,607
2004-11-23,650
2004-11-24,516
2004-11-25,472
2004-11-26,594
2004-11-27,561
2004-11-28,542
2004-11-29,559
2004-11-30,544
2004-12-01,581
2004-12-02,609
2004-12-03,633
2004-12-04,635
2004-12-05,551
2004-12-06,518
2004-12-07,566
2004-12-08,578
2004-12-09,587
2004-12-10,683
2004-12-11,706
2004-12-12,535
2004-12-13,538
2004-12-14,476
2004-12-15,533
2004-12-16,628
2004-12-17,645
2004-12-18,249
2004-12-19,229
2004-12-20,569
2004-12-21,551
2004-12-22,556
2004-12-23,604
2004-12-24,593
2004-12-25,449
2004-12-26,488
2004-12-27,544
2004-12-28,475
2004-12-29,451
2004-12-30,546
2004-12-31,168
2005-01-01,94
2005-01-02,467
2005-01-03,552
2005-01-04,506
2005-01-05,363
2005-01-06,358
2005-01-07,540
2005-01-08,550
2005-01-09,513
2005-01-10,561
2005-01-11,516
2005-01-12,600
2005-01-13,502
2005-01-14,536
2005-01-15,526
2005-01-16,447
2005-01-17,425
2005-01-18,523
2005-01-19,468
2005-01-20,603
2005-01-21,511
2005-01-22,261
2005-01-23,309
2005-01-24,451
2005-01-25,469
2005-01-26,513
2005-01-27,534
2005-01-28,560
2005-01-29,635
2005-01-30,511
2005-01-31,492
2005-02-01,501
2005-02-02,513
2005-02-03,505
2005-02-04,573
2005-02-05,177
2005-02-06,309
2005-02-07,289
2005-02-08,6
2005-02-09,479
2005-02-10,498
2005-02-11,510
2005-02-12,589
2005-02-13,460
2005-02-14,549
2005-02-15,473
2005-02-16,499
2005-02-17,524
2005-02-18,532
2005-02-19,519
2005-02-20,451
2005-02-21,450
2005-02-22,524
2005-02-23,499
2005-02-24,493
2005-02-25,512
2005-02-26,581
2005-02-27,495
2005-02-28,463
2005-03-01,479
2005-03-02,465
2005-03-03,508
2005-03-04,643
2005-03-05,550
2005-03-06,519
2005-03-07,476
2005-03-08,485
2005-03-09,462
2005-03-10,495
2005-03-11,550
2005-03-12,552
2005-03-13,425
2005-03-14,483
2005-03-15,441
2005-03-16,423
2005-03-17,496
2005-03-18,497
2005-03-19,581
2005-03-20,427
2005-03-21,451
2005-03-22,473
2005-03-23,476
2005-03-24,478
2005-03-25,431
2005-03-26,492
2005-03-27,479
2005-03-28,443
2005-03-29,490
2005-03-30,454
2005-03-31,469
2005-04-01,577
2005-04-02,529
2005-04-03,440
2005-04-04,427
2005-04-05,254
2005-04-06,1
2005-04-07,432
2005-04-08,522
2005-04-09,523
2005-04-10,473
2005-04-11,519
2005-04-12,453
2005-04-13,434
2005-04-14,452
2005-04-15,488
2005-04-16,86
2005-04-17,235
2005-04-18,398
2005-04-19,443
2005-04-20,346
2005-04-21,6
2005-04-22,301
2005-04-23,466
2005-04-24,418
2005-04-25,419
2005-04-26,443
2005-04-27,512
2005-04-28,500
2005-04-29,512
2005-04-30,520
2005-05-01,436
2005-05-02,388
2005-05-03,438
2005-05-04,443
2005-05-05,567
2005-05-06,568
2005-05-07,592
2005-05-08,523
2005-05-09,452
2005-05-10,451
2005-05-11,530
2005-05-12,559
2005-05-13,586
2005-05-14,550
2005-05-15,452
2005-05-16,463
2005-05-17,474
2005-05-18,490
2005-05-19,497
2005-05-20,617
2005-05-21,619
2005-05-22,505
2005-05-23,516
2005-05-24,470
2005-05-25,481
2005-05-26,525
2005-05-27,620
2005-05-28,533
2005-05-29,482
2005-05-30,440
2005-05-31,429
2005-06-01,527
2005-06-02,560
2005-06-03,554
2005-06-04,601
2005-06-05,463
2005-06-06,496
2005-06-07,526
2005-06-08,552
2005-06-09,567
2005-06-10,639
2005-06-11,636
2005-06-12,568
2005-06-13,566
2005-06-14,583
2005-06-15,564
2005-06-16,552
2005-06-17,608
2005-06-18,613
2005-06-19,565
2005-06-20,535
2005-06-21,519
2005-06-22,547
2005-06-23,550
2005-06-24,532
2005-06-25,621
2005-06-26,500
2005-06-27,511
2005-06-28,513
2005-06-29,454
2005-06-30,584
2005-07-01,625
2005-07-02,564
2005-07-03,534
2005-07-04,455
2005-07-05,500
2005-07-06,512
2005-07-07,479
2005-07-08,535
2005-07-09,566
2005-07-10,474
2005-07-11,466
2005-07-12,481
2005-07-13,477
2005-07-14,506
2005-07-15,612
2005-07-16,576
2005-07-17,515
2005-07-18,500
2005-07-19,439
2005-07-20,448
2005-07-21,468
2005-07-22,536
2005-07-23,565
2005-07-24,434
2005-07-25,467
2005-07-26,434
2005-07-27,516
2005-07-28,508
2005-07-29,573
2005-07-30,577
2005-07-31,513
2005-08-01,466
2005-08-02,517
2005-08-03,518
2005-08-04,458
2005-08-05,525
2005-08-06,183
2005-08-07,488
2005-08-08,477
2005-08-09,474
2005-08-10,484
2005-08-11,476
2005-08-12,489
2005-08-13,451
2005-08-14,449
2005-08-15,463
2005-08-16,417
2005-08-17,414
2005-08-18,430
2005-08-19,486
2005-08-20,468
2005-08-21,448
2005-08-22,434
2005-08-23,430
2005-08-24,431
2005-08-25,424
2005-08-26,486
2005-08-27,487
2005-08-28,377
2005-08-29,377
2005-08-30,369
2005-08-31,505
2005-09-01,465
2005-09-02,575
2005-09-03,107
2005-09-04,19
2005-09-05,374
2005-09-06,474
2005-09-07,418
2005-09-08,493
2005-09-09,460
2005-09-10,447
2005-09-11,395
2005-09-12,402
2005-09-13,434
2005-09-14,425
2005-09-15,518
2005-09-16,562
2005-09-17,581
2005-09-18,449
2005-09-19,448
2005-09-20,401
2005-09-21,478
2005-09-22,495
2005-09-23,596
2005-09-24,559
2005-09-25,437
2005-09-26,445
2005-09-27,407
2005-09-28,466
2005-09-29,464
2005-09-30,511
2005-10-01,557
2005-10-02,451
2005-10-03,459
2005-10-04,313
2005-10-05,16
2005-10-06,285
2005-10-07,502
2005-10-08,486
2005-10-09,426
2005-10-10,388
2005-10-11,444
2005-10-12,399
2005-10-13,489
2005-10-14,562
2005-10-15,496
2005-10-16,450
2005-10-17,444
2005-10-18,427
2005-10-19,459
2005-10-20,407
2005-10-21,166
2005-10-22,361
2005-10-23,448
2005-10-24,423
2005-10-25,452
2005-10-26,431
2005-10-27,475
2005-10-28,490
2005-10-29,502
2005-10-30,420
2005-10-31,470
2005-11-01,444
2005-11-02,410
2005-11-03,414
2005-11-04,476
2005-11-05,437
2005-11-06,391
2005-11-07,391
2005-11-08,380
2005-11-09,393
2005-11-10,422
2005-11-11,399
2005-11-12,452
2005-11-13,398
2005-11-14,404
2005-11-15,406
2005-11-16,395
2005-11-17,402
2005-11-18,449
2005-11-19,480
2005-11-20,448
2005-11-21,375
2005-11-22,408
2005-11-23,448
2005-11-24,369
2005-11-25,367
2005-11-26,329
2005-11-27,290
2005-11-28,346
2005-11-29,376
2005-11-30,337
2005-12-01,365
2005-12-02,424
2005-12-03,411
2005-12-04,322
2005-12-05,407
2005-12-06,401
2005-12-07,351
2005-12-08,276
2005-12-09,419
2005-12-10,427
2005-12-11,327
2005-12-12,372
2005-12-13,405
2005-12-14,396
2005-12-15,435
2005-12-16,481
2005-12-17,444
2005-12-18,459
2005-12-19,390
2005-12-20,404
2005-12-21,460
2005-12-22,448
2005-12-23,528
2005-12-24,418
2005-12-25,361
2005-12-26,293
2005-12-27,351
2005-12-28,347
2005-12-29,353
2005-12-30,386
2005-12-31,355
2006-01-01,448
2006-01-02,442
2006-01-03,480
2006-01-04,510
2006-01-05,542
2006-01-06,627
2006-01-07,606
2006-01-08,517
2006-01-09,554
2006-01-10,559
2006-01-11,498
2006-01-12,547
2006-01-13,646
2006-01-14,656
2006-01-15,503
2006-01-16,444
2006-01-17,531
2006-01-18,525
2006-01-19,636
2006-01-20,600
2006-01-21,585
2006-01-22,561
2006-01-23,580
2006-01-24,551
2006-01-25,547
2006-01-26,592
2006-01-27,678
2006-01-28,641
2006-01-29,522
2006-01-30,534
2006-01-31,656
2006-02-01,680
2006-02-02,757
2006-02-03,854
2006-02-04,749
2006-02-05,570
2006-02-06,621
2006-02-07,611
2006-02-08,600
2006-02-09,693
2006-02-10,791
2006-02-11,681
2006-02-12,599
2006-02-13,588
2006-02-14,765
2006-02-15,722
2006-02-16,692
2006-02-17,763
2006-02-18,587
2006-02-19,602
2006-02-20,646
2006-02-21,722
2006-02-22,736
2006-02-23,755
2006-02-24,792
2006-02-25,834
2006-02-26,715
2006-02-27,805
2006-02-28,829
2006-03-01,874
2006-03-02,836
2006-03-03,975
2006-03-04,887
2006-03-05,546
2006-03-06,779
2006-03-07,814
2006-03-08,824
2006-03-09,783
2006-03-10,962
2006-03-11,964
2006-03-12,842
2006-03-13,808
2006-03-14,870
2006-03-15,878
2006-03-16,900
2006-03-17,1050
2006-03-18,1057
2006-03-19,814
2006-03-20,870
2006-03-21,859
2006-03-22,756
2006-03-23,863
2006-03-24,987
2006-03-25,967
2006-03-26,851
2006-03-27,880
2006-03-28,815
2006-03-29,809
2006-03-30,862
2006-03-31,972
2006-04-01,979
2006-04-02,782
2006-04-03,871
2006-04-04,821
2006-04-05,836
2006-04-06,831
2006-04-07,923
2006-04-08,1022
2006-04-09,842
2006-04-10,817
2006-04-11,853
2006-04-12,886
2006-04-13,889
2006-04-14,743
2006-04-15,817
2006-04-16,682
2006-04-17,789
2006-04-18,813
2006-04-19,799
2006-04-20,967
2006-04-21,928
2006-04-22,862
2006-04-23,686
2006-04-24,756
2006-04-25,827
2006-04-26,829
2006-04-27,985
2006-04-28,1025
2006-04-29,827
2006-04-30,614
2006-05-01,732
2006-05-02,776
2006-05-03,753
2006-05-04,862
2006-05-05,943
2006-05-06,985
2006-05-07,753
2006-05-08,765
2006-05-09,745
2006-05-10,597
2006-05-11,326
2006-05-12,478
2006-05-13,405
2006-05-14,702
2006-05-15,656
2006-05-16,534
2006-05-17,686
2006-05-18,784
2006-05-19,946
2006-05-20,951
2006-05-21,743
2006-05-22,899
2006-05-23,936
2006-05-24,828
2006-05-25,840
2006-05-26,951
2006-05-27,883
2006-05-28,792
2006-05-29,587
2006-05-30,782
2006-05-31,843
2006-06-01,822
2006-06-02,947
2006-06-03,1064
2006-06-04,724
2006-06-05,867
2006-06-06,917
2006-06-07,922
2006-06-08,970
2006-06-09,949
2006-06-10,853
2006-06-11,691
2006-06-12,929
2006-06-13,828
2006-06-14,876
2006-06-15,904
2006-06-16,1004
2006-06-17,967
2006-06-18,855
2006-06-19,866
2006-06-20,914
2006-06-21,865
2006-06-22,874
2006-06-23,979
2006-06-24,990
2006-06-25,799
2006-06-26,853
2006-06-27,747
2006-06-28,461
2006-06-29,877
2006-06-30,1016
2006-07-01,821
2006-07-02,722
2006-07-03,897
2006-07-04,749
2006-07-05,886
2006-07-06,842
2006-07-07,901
2006-07-08,969
2006-07-09,749
2006-07-10,505
2006-07-11,133
2006-07-12,736
2006-07-13,847
2006-07-14,942
2006-07-15,891
2006-07-16,758
2006-07-17,779
2006-07-18,770
2006-07-19,809
2006-07-20,828
2006-07-21,856
2006-07-22,915
2006-07-23,434
2006-07-24,358
2006-07-25,798
2006-07-26,789
2006-07-27,758
2006-07-28,906
2006-07-29,983
2006-07-30,822
2006-07-31,833
2006-08-01,870
2006-08-02,848
2006-08-03,950
2006-08-04,1098
2006-08-05,1049
2006-08-06,876
2006-08-07,872
2006-08-08,879
2006-08-09,935
2006-08-10,809
2006-08-11,1029
2006-08-12,1134
2006-08-13,892
2006-08-14,894
2006-08-15,853
2006-08-16,922
2006-08-17,860
2006-08-18,939
2006-08-19,979
2006-08-20,908
2006-08-21,845
2006-08-22,830
2006-08-23,840
2006-08-24,796
2006-08-25,837
2006-08-26,881
2006-08-27,818
2006-08-28,742
2006-08-29,774
2006-08-30,829
2006-08-31,941
2006-09-01,995
2006-09-02,941
2006-09-03,850
2006-09-04,620
2006-09-05,802
2006-09-06,606
2006-09-07,719
2006-09-08,930
2006-09-09,911
2006-09-10,710
2006-09-11,688
2006-09-12,705
2006-09-13,703
2006-09-14,802
2006-09-15,882
2006-09-16,931
2006-09-17,692
2006-09-18,731
2006-09-19,744
2006-09-20,738
2006-09-21,779
2006-09-22,975
2006-09-23,865
2006-09-24,754
2006-09-25,803
2006-09-26,716
2006-09-27,760
2006-09-28,788
2006-09-29,877
2006-09-30,978
2006-10-01,843
2006-10-02,745
2006-10-03,771
2006-10-04,645
2006-10-05,804
2006-10-06,911
2006-10-07,933
2006-10-08,767
2006-10-09,730
2006-10-10,730
2006-10-11,680
2006-10-12,657
2006-10-13,826
2006-10-14,862
2006-10-15,679
2006-10-16,685
2006-10-17,740
2006-10-18,693
2006-10-19,653
2006-10-20,873
2006-10-21,950
2006-10-22,666
2006-10-23,623
2006-10-24,690
2006-10-25,657
2006-10-26,654
2006-10-27,806
2006-10-28,758
2006-10-29,651
2006-10-30,749
2006-10-31,764
2006-11-01,754
2006-11-02,703
2006-11-03,815
2006-11-04,806
2006-11-05,691
2006-11-06,671
2006-11-07,621
2006-11-08,674
2006-11-09,675
2006-11-10,707
2006-11-11,726
2006-11-12,557
2006-11-13,538
2006-11-14,554
2006-11-15,632
2006-11-16,588
2006-11-17,677
2006-11-18,800
2006-11-19,616
2006-11-20,548
2006-11-21,661
2006-11-22,659
2006-11-23,459
2006-11-24,577
2006-11-25,725
2006-11-26,517
2006-11-27,519
2006-11-28,491
2006-11-29,578
2006-11-30,638
2006-12-01,490
2006-12-02,624
2006-12-03,403
2006-12-04,484
2006-12-05,470
2006-12-06,466
2006-12-07,516
2006-12-08,541
2006-12-09,683
2006-12-10,524
2006-12-11,478
2006-12-12,486
2006-12-13,525
2006-12-14,501
2006-12-15,595
2006-12-16,601
2006-12-17,493
2006-12-18,504
2006-12-19,500
2006-12-20,559
2006-12-21,619
2006-12-22,635
2006-12-23,585
2006-12-24,475
2006-12-25,390
2006-12-26,467
2006-12-27,422
2006-12-28,425
2006-12-29,507
2006-12-30,517
2006-12-31,425
2007-01-01,377
2007-01-02,417
2007-01-03,361
2007-01-04,397
2007-01-05,419
2007-01-06,470
2007-01-07,375
2007-01-08,382
2007-01-09,398
2007-01-10,449
2007-01-11,471
2007-01-12,527
2007-01-13,619
2007-01-14,514
2007-01-15,421
2007-01-16,496
2007-01-17,463
2007-01-18,433
2007-01-19,531
2007-01-20,640
2007-01-21,421
2007-01-22,418
2007-01-23,406
2007-01-24,452
2007-01-25,543
2007-01-26,557
2007-01-27,615
2007-01-28,471
2007-01-29,446
2007-01-30,457
2007-01-31,400
2007-02-01,480
2007-02-02,487
2007-02-03,482
2007-02-04,374
2007-02-05,272
2007-02-06,327
2007-02-07,367
2007-02-08,379
2007-02-09,439
2007-02-10,606
2007-02-11,363
2007-02-12,456
2007-02-13,258
2007-02-14,477
2007-02-15,529
2007-02-16,474
2007-02-17,589
2007-02-18,505
2007-02-19,464
2007-02-20,539
2007-02-21,571
2007-02-22,572
2007-02-23,573
2007-02-24,541
2007-02-25,389
2007-02-26,482
2007-02-27,458
2007-02-28,507
2007-03-01,516
2007-03-02,550
2007-03-03,664
2007-03-04,555
2007-03-05,513
2007-03-06,686
2007-03-07,569
2007-03-08,636
2007-03-09,784
2007-03-10,943
2007-03-11,428
2007-03-12,534
2007-03-13,701
2007-03-14,576
2007-03-15,625
2007-03-16,823
2007-03-17,705
2007-03-18,585
2007-03-19,610
2007-03-20,644
2007-03-21,643
2007-03-22,772
2007-03-23,813
2007-03-24,813
2007-03-25,701
2007-03-26,651
2007-03-27,677
2007-03-28,703
2007-03-29,745
2007-03-30,817
2007-03-31,877
2007-04-01,678
2007-04-02,669
2007-04-03,683
2007-04-04,627
2007-04-05,778
2007-04-06,875
2007-04-07,921
2007-04-08,838
2007-04-09,699
2007-04-10,707
2007-04-11,579
2007-04-12,606
2007-04-13,868
2007-04-14,986
2007-04-15,770
2007-04-16,716
2007-04-17,712
2007-04-18,678
2007-04-19,805
2007-04-20,878
2007-04-21,993
2007-04-22,771
2007-04-23,669
2007-04-24,724
2007-04-25,677
2007-04-26,616
2007-04-27,678
2007-04-28,880
2007-04-29,750
2007-04-30,665
2007-05-01,677
2007-05-02,679
2007-05-03,703
2007-05-04,810
2007-05-05,860
2007-05-06,699
2007-05-07,747
2007-05-08,697
2007-05-09,730
2007-05-10,844
2007-05-11,1006
2007-05-12,1086
2007-05-13,932
2007-05-14,788
2007-05-15,791
2007-05-16,761
2007-05-17,844
2007-05-18,868
2007-05-19,981
2007-05-20,924
2007-05-21,845
2007-05-22,991
2007-05-23,986
2007-05-24,1007
2007-05-25,1171
2007-05-26,1086
2007-05-27,953
2007-05-28,789
2007-05-29,945
2007-05-30,885
2007-05-31,930
2007-06-01,1095
2007-06-02,1353
2007-06-03,1053
2007-06-04,1013
2007-06-05,1080
2007-06-06,1083
2007-06-07,1101
2007-06-08,1187
2007-06-09,1423
2007-06-10,1160
2007-06-11,1072
2007-06-12,1130
2007-06-13,1071
2007-06-14,1155
2007-06-15,1300
2007-06-16,1299
2007-06-17,1200
2007-06-18,1105
2007-06-19,1189
2007-06-20,1184
2007-06-21,1160
2007-06-22,1203
2007-06-23,1279
2007-06-24,1207
2007-06-25,1197
2007-06-26,1086
2007-06-27,1163
2007-06-28,1174
2007-06-29,1361
2007-06-30,1259
2007-07-01,1204
2007-07-02,1133
2007-07-03,1195
2007-07-04,1008
2007-07-05,1142
2007-07-06,1135
2007-07-07,1166
2007-07-08,972
2007-07-09,957
2007-07-10,989
2007-07-11,979
2007-07-12,1063
2007-07-13,1218
2007-07-14,1243
2007-07-15,1026
2007-07-16,925
2007-07-17,994
2007-07-18,979
2007-07-19,1082
2007-07-20,1057
2007-07-21,1292
2007-07-22,1017
2007-07-23,983
2007-07-24,901
2007-07-25,1040
2007-07-26,1087
2007-07-27,1085
2007-07-28,1248
2007-07-29,1019
2007-07-30,856
2007-07-31,899
2007-08-01,978
2007-08-02,875
2007-08-03,993
2007-08-04,988
2007-08-05,857
2007-08-06,792
2007-08-07,925
2007-08-08,927
2007-08-09,917
2007-08-10,1076
2007-08-11,1140
2007-08-12,984
2007-08-13,878
2007-08-14,909
2007-08-15,930
2007-08-16,956
2007-08-17,1061
2007-08-18,1110
2007-08-19,908
2007-08-20,846
2007-08-21,906
2007-08-22,849
2007-08-23,821
2007-08-24,976
2007-08-25,1260
2007-08-26,981
2007-08-27,866
2007-08-28,892
2007-08-29,832
2007-08-30,898
2007-08-31,1121
2007-09-01,1054
2007-09-02,868
2007-09-03,654
2007-09-04,865
2007-09-05,768
2007-09-06,808
2007-09-07,915
2007-09-08,1167
2007-09-09,996
2007-09-10,922
2007-09-11,933
2007-09-12,1066
2007-09-13,974
2007-09-14,1049
2007-09-15,1271
2007-09-16,970
2007-09-17,906
2007-09-18,905
2007-09-19,955
2007-09-20,919
2007-09-21,1022
2007-09-22,1157
2007-09-23,954
2007-09-24,794
2007-09-25,860
2007-09-26,940
2007-09-27,895
2007-09-28,967
2007-09-29,1194
2007-09-30,895
2007-10-01,763
2007-10-02,826
2007-10-03,823
2007-10-04,946
2007-10-05,1067
2007-10-06,1217
2007-10-07,833
2007-10-08,728
2007-10-09,748
2007-10-10,932
2007-10-11,921
2007-10-12,1021
2007-10-13,1128
2007-10-14,914
2007-10-15,909
2007-10-16,919
2007-10-17,958
2007-10-18,1098
2007-10-19,1208
2007-10-20,1517
2007-10-21,1259
2007-10-22,1188
2007-10-23,1195
2007-10-24,1287
2007-10-25,1273
2007-10-26,1290
2007-10-27,1526
2007-10-28,1185
2007-10-29,1003
2007-10-30,969
2007-10-31,859
2007-11-01,1111
2007-11-02,1098
2007-11-03,1179
2007-11-04,996
2007-11-05,1002
2007-11-06,1087
2007-11-07,1147
2007-11-08,1112
2007-11-09,1219
2007-11-10,1304
2007-11-11,1009
2007-11-12,959
2007-11-13,1184
2007-11-14,1202
2007-11-15,1281
2007-11-16,1440
2007-11-17,1446
2007-11-18,1100
2007-11-19,1176
2007-11-20,1206
2007-11-21,1247
2007-11-22,994
2007-11-23,1256
2007-11-24,1350
2007-11-25,1162
2007-11-26,1199
2007-11-27,1396
2007-11-28,1324
2007-11-29,1453
2007-11-30,1515
2007-12-01,1276
2007-12-02,961
2007-12-03,1305
2007-12-04,1022
2007-12-05,1220
2007-12-06,1403
2007-12-07,1457
2007-12-08,1446
2007-12-09,1236
2007-12-10,1317
2007-12-11,1179
2007-12-12,1252
2007-12-13,1395
2007-12-14,1579
2007-12-15,1223
2007-12-16,842
2007-12-17,1420
2007-12-18,1607
2007-12-19,1483
2007-12-20,1534
2007-12-21,1706
2007-12-22,1576
2007-12-23,1248
2007-12-24,1266
2007-12-25,1116
2007-12-26,1143
2007-12-27,1164
2007-12-28,1112
2007-12-29,1039
2007-12-30,1122
2007-12-31,941
2008-01-01,773
2008-01-02,954
2008-01-03,1104
2008-01-04,1138
2008-01-05,1220
2008-01-06,1123
2008-01-07,1094
2008-01-08,1119
2008-01-09,1026
2008-01-10,1098
2008-01-11,1126
2008-01-12,1278
2008-01-13,1070
2008-01-14,1115
2008-01-15,1128
2008-01-16,1254
2008-01-17,1122
2008-01-18,1292
2008-01-19,1334
2008-01-20,1088
2008-01-21,996
2008-01-22,1081
2008-01-23,975
2008-01-24,941
2008-01-25,1169
2008-01-26,1383
2008-01-27,1204
2008-01-28,1145
2008-01-29,1037
2008-01-30,1092
2008-01-31,1210
2008-02-01,1001
2008-02-02,1436
2008-02-03,1130
2008-02-04,1105
2008-02-05,1162
2008-02-06,784
2008-02-07,1158
2008-02-08,1577
2008-02-09,1464
2008-02-10,1134
2008-02-11,1136
2008-02-12,1169
2008-02-13,1335
2008-02-14,1453
2008-02-15,1655
2008-02-16,1672
2008-02-17,1169
2008-02-18,1166
2008-02-19,1271
2008-02-20,1306
2008-02-21,1252
2008-02-22,1388
2008-02-23,1757
2008-02-24,1391
2008-02-25,1017
2008-02-26,946
2008-02-27,1248
2008-02-28,1251
2008-02-29,1485
2008-03-01,1490
2008-03-02,1267
2008-03-03,1198
2008-03-04,1165
2008-03-05,1183
2008-03-06,1272
2008-03-07,1342
2008-03-08,1361
2008-03-09,1205
2008-03-10,1113
2008-03-11,1310
2008-03-12,1335
2008-03-13,1329
2008-03-14,1522
2008-03-15,1511
2008-03-16,1242
2008-03-17,1165
2008-03-18,1077
2008-03-19,1199
2008-03-20,1425
2008-03-21,987
2008-03-22,1436
2008-03-23,1214
2008-03-24,1170
2008-03-25,1211
2008-03-26,1175
2008-03-27,996
2008-03-28,1535
2008-03-29,1495
2008-03-30,1166
2008-03-31,1089
2008-04-01,1166
2008-04-02,1323
2008-04-03,1320
2008-04-04,1532
2008-04-05,1611
2008-04-06,1383
2008-04-07,1315
2008-04-08,1168
2008-04-09,1298
2008-04-10,1245
2008-04-11,1338
2008-04-12,1336
2008-04-13,1153
2008-04-14,1083
2008-04-15,1201
2008-04-16,1296
2008-04-17,1259
2008-04-18,1410
2008-04-19,1528
2008-04-20,1469
2008-04-21,1385
2008-04-22,1273
2008-04-23,1274
2008-04-24,1254
2008-04-25,1362
2008-04-26,1711
2008-04-27,1252
2008-04-28,1130
2008-04-29,1256
2008-04-30,1394
2008-05-01,1414
2008-05-02,1596
2008-05-03,1704
2008-05-04,1524
2008-05-05,1455
2008-05-06,1510
2008-05-07,1392
2008-05-08,1671
2008-05-09,1747
2008-05-10,1942
2008-05-11,1605
2008-05-12,1628
2008-05-13,1507
2008-05-14,1477
2008-05-15,1673
2008-05-16,1765
2008-05-17,1918
2008-05-18,1538
2008-05-19,1541
2008-05-20,1417
2008-05-21,1429
2008-05-22,1622
2008-05-23,1709
2008-05-24,1706
2008-05-25,1589
2008-05-26,1359
2008-05-27,1570
2008-05-28,1495
2008-05-29,1561
2008-05-30,1734
2008-05-31,1895
2008-06-01,1846
2008-06-02,1582
2008-06-03,1543
2008-06-04,1709
2008-06-05,1790
2008-06-06,2022
2008-06-07,1989
2008-06-08,1642
2008-06-09,1614
2008-06-10,1725
2008-06-11,1714
2008-06-12,1720
2008-06-13,1924
2008-06-14,2082
2008-06-15,1822
2008-06-16,1513
2008-06-17,1582
2008-06-18,1604
2008-06-19,1725
2008-06-20,1808
2008-06-21,1780
2008-06-22,1721
2008-06-23,1516
2008-06-24,1539
2008-06-25,1718
2008-06-26,1857
2008-06-27,2126
2008-06-28,2139
2008-06-29,1878
2008-06-30,1811
2008-07-01,1920
2008-07-02,1948
2008-07-03,2098
2008-07-04,1909
2008-07-05,1802
2008-07-06,1699
2008-07-07,1723
2008-07-08,1721
2008-07-09,1605
2008-07-10,1599
2008-07-11,2063
2008-07-12,2236
2008-07-13,1985
2008-07-14,1652
2008-07-15,1710
2008-07-16,1794
2008-07-17,1853
2008-07-18,2041
2008-07-19,1995
2008-07-20,1862
2008-07-21,1612
2008-07-22,1595
2008-07-23,1638
2008-07-24,1663
2008-07-25,1864
2008-07-26,2030
2008-07-27,1715
2008-07-28,1511
2008-07-29,1564
2008-07-30,1571
2008-07-31,1891
2008-08-01,2052
2008-08-02,2057
2008-08-03,1890
2008-08-04,1578
2008-08-05,1521
2008-08-06,1601
2008-08-07,1753
2008-08-08,2003
2008-08-09,1930
2008-08-10,1768
2008-08-11,1683
2008-08-12,1640
2008-08-13,1580
2008-08-14,1609
2008-08-15,1851
2008-08-16,1824
2008-08-17,1744
2008-08-18,1574
2008-08-19,1657
2008-08-20,1518
2008-08-21,1587
2008-08-22,1949
2008-08-23,1982
2008-08-24,1704
2008-08-25,1439
2008-08-26,1463
2008-08-27,1741
2008-08-28,1878
2008-08-29,2014
2008-08-30,1846
2008-08-31,1740
2008-09-01,1396
2008-09-02,1734
2008-09-03,1634
2008-09-04,1624
2008-09-05,1956
2008-09-06,1985
2008-09-07,1723
2008-09-08,1629
2008-09-09,1777
2008-09-10,1754
2008-09-11,1795
2008-09-12,2023
2008-09-13,1796
2008-09-14,1595
2008-09-15,1643
2008-09-16,1873
2008-09-17,1877
2008-09-18,1877
2008-09-19,2110
2008-09-20,2181
2008-09-21,1880
2008-09-22,1725
2008-09-23,1659
2008-09-24,1707
2008-09-25,1772
2008-09-26,1967
2008-09-27,1886
2008-09-28,1808
2008-09-29,1554
2008-09-30,1568
2008-10-01,1604
2008-10-02,1690
2008-10-03,1853
2008-10-04,1876
2008-10-05,1723
2008-10-06,1550
2008-10-07,1363
2008-10-08,1431
2008-10-09,1602
2008-10-10,1736
2008-10-11,1763
2008-10-12,1501
2008-10-13,1261
2008-10-14,1436
2008-10-15,1401
2008-10-16,1603
2008-10-17,1587
2008-10-18,1756
2008-10-19,1470
2008-10-20,1278
2008-10-21,1486
2008-10-22,1498
2008-10-23,1570
2008-10-24,1667
2008-10-25,1626
2008-10-26,1425
2008-10-27,1376
2008-10-28,1311
2008-10-29,1412
2008-10-30,1485
2008-10-31,1781
2008-11-01,1663
2008-11-02,1318
2008-11-03,1289
2008-11-04,1204
2008-11-05,1281
2008-11-06,1341
2008-11-07,1533
2008-11-08,1671
2008-11-09,1357
2008-11-10,1279
2008-11-11,1201
2008-11-12,1288
2008-11-13,1338
2008-11-14,1476
2008-11-15,1536
2008-11-16,1316
2008-11-17,1272
2008-11-18,1207
2008-11-19,1241
2008-11-20,1290
2008-11-21,1513
2008-11-22,1530
2008-11-23,1324
2008-11-24,1249
2008-11-25,1227
2008-11-26,1510
2008-11-27,1250
2008-11-28,1195
2008-11-29,1233
2008-11-30,1032
2008-12-01,929
2008-12-02,1255
2008-12-03,1223
2008-12-04,1505
2008-12-05,1471
2008-12-06,1373
2008-12-07,1250
2008-12-08,1259
2008-12-09,890
2008-12-10,1133
2008-12-11,1461
2008-12-12,1637
2008-12-13,1681
2008-12-14,1359
2008-12-15,1499
2008-12-16,831
2008-12-17,1334
2008-12-18,1478
2008-12-19,1112
2008-12-20,1533
2008-12-21,1223
2008-12-22,1336
2008-12-23,941
2008-12-24,1600
2008-12-25,1232
2008-12-26,1238
2008-12-27,1521
2008-12-28,1483
2008-12-29,1474
2008-12-30,1379
2008-12-31,1595
2009-01-01,1188
2009-01-02,1341
2009-01-03,1407
2009-01-04,1285
2009-01-05,1243
2009-01-06,1195
2009-01-07,1170
2009-01-08,1311
2009-01-09,1027
2009-01-10,630
2009-01-11,1202
2009-01-12,1101
2009-01-13,1049
2009-01-14,1050
2009-01-15,970
2009-01-16,313
2009-01-17,108
2009-01-18,1067
2009-01-19,1155
2009-01-20,1169
2009-01-21,1244
2009-01-22,1363
2009-01-23,1654
2009-01-24,1685
2009-01-25,1415
2009-01-26,1305
2009-01-27,1190
2009-01-28,1265
2009-01-29,1238
2009-01-30,1512
2009-01-31,1691
2009-02-01,1483
2009-02-02,1370
2009-02-03,1400
2009-02-04,1400
2009-02-05,1443
2009-02-06,1687
2009-02-07,2007
2009-02-08,1513
2009-02-09,1345
2009-02-10,1565
2009-02-11,1353
2009-02-12,1541
2009-02-13,1781
2009-02-14,1987
2009-02-15,1703
2009-02-16,1607
2009-02-17,1570
2009-02-18,1363
2009-02-19,1657
2009-02-20,1743
2009-02-21,1596
2009-02-22,1702
2009-02-23,1535
2009-02-24,1689
2009-02-25,1720
2009-02-26,1565
2009-02-27,1889
2009-02-28,1964
2009-03-01,1787
2009-03-02,1488
2009-03-03,1771
2009-03-04,1689
2009-03-05,1808
2009-03-06,2172
2009-03-07,2026
2009-03-08,1636
2009-03-09,1731
2009-03-10,1717
2009-03-11,1808
2009-03-12,1867
2009-03-13,2263
2009-03-14,2296
2009-03-15,2002
2009-03-16,1769
2009-03-17,1979
2009-03-18,1717
2009-03-19,1921
2009-03-20,2111
2009-03-21,2213
2009-03-22,1997
2009-03-23,1657
2009-03-24,1621
2009-03-25,1728
2009-03-26,1748
2009-03-27,2092
2009-03-28,2085
2009-03-29,1697
2009-03-30,1759
2009-03-31,1578
2009-04-01,1861
2009-04-02,1830
2009-04-03,2092
2009-04-04,2249
2009-04-05,1520
2009-04-06,1587
2009-04-07,1753
2009-04-08,1808
2009-04-09,1902
2009-04-10,2086
2009-04-11,2183
2009-04-12,2045
2009-04-13,1689
2009-04-14,1608
2009-04-15,1728
2009-04-16,1970
2009-04-17,2246
2009-04-18,2131
2009-04-19,1814
2009-04-20,1679
2009-04-21,1793
2009-04-22,1945
2009-04-23,1975
2009-04-24,2225
2009-04-25,2146
2009-04-26,1847
2009-04-27,1631
2009-04-28,1732
2009-04-29,1797
2009-04-30,1933
2009-05-01,2350
2009-05-02,2534
2009-05-03,2357
2009-05-04,1993
2009-05-05,2077
2009-05-06,1888
2009-05-07,2079
2009-05-08,2314
2009-05-09,2356
2009-05-10,2433
2009-05-11,1905
2009-05-12,1980
2009-05-13,1537
2009-05-14,1597
2009-05-15,271
2009-05-16,1819
2009-05-17,2209
2009-05-18,1916
2009-05-19,1966
2009-05-20,2009
2009-05-21,2141
2009-05-22,2413
2009-05-23,2318
2009-05-24,2026
2009-05-25,1675
2009-05-26,1819
2009-05-27,1782
2009-05-28,1854
2009-05-29,2298
2009-05-30,2210
2009-05-31,2119
2009-06-01,1922
2009-06-02,1771
2009-06-03,1996
2009-06-04,2148
2009-06-05,2315
2009-06-06,2378
2009-06-07,2060
2009-06-08,2047
2009-06-09,1911
2009-06-10,1969
2009-06-11,2124
2009-06-12,2468
2009-06-13,2516
2009-06-14,2311
2009-06-15,2065
2009-06-16,1898
2009-06-17,1978
2009-06-18,1971
2009-06-19,2190
2009-06-20,2152
2009-06-21,2096
2009-06-22,1812
2009-06-23,1922
2009-06-24,1903
2009-06-25,2002
2009-06-26,2261
2009-06-27,2427
2009-06-28,2216
2009-06-29,1963
2009-06-30,2042
2009-07-01,2203
2009-07-02,2500
2009-07-03,2568
2009-07-04,2209
2009-07-05,2043
2009-07-06,2037
2009-07-07,1970
2009-07-08,2159
2009-07-09,2177
2009-07-10,2319
2009-07-11,2696
2009-07-12,2442
2009-07-13,2015
2009-07-14,2074
2009-07-15,2141
2009-07-16,2386
2009-07-17,2619
2009-07-18,2604
2009-07-19,2302
2009-07-20,2176
2009-07-21,2183
2009-07-22,2148
2009-07-23,2437
2009-07-24,2590
2009-07-25,2605
2009-07-26,2351
2009-07-27,2103
2009-07-28,2274
2009-07-29,2291
2009-07-30,2302
2009-07-31,2612
2009-08-01,2699
2009-08-02,2496
2009-08-03,2233
2009-08-04,2235
2009-08-05,2289
2009-08-06,2401
2009-08-07,2474
2009-08-08,2672
2009-08-09,2469
2009-08-10,2069
2009-08-11,2264
2009-08-12,2251
2009-08-13,2419
2009-08-14,2621
2009-08-15,2723
2009-08-16,2272
2009-08-17,2058
2009-08-18,2163
2009-08-19,2349
2009-08-20,2366
2009-08-21,2469
2009-08-22,2548
2009-08-23,2360
2009-08-24,2165
2009-08-25,2144
2009-08-26,1972
2009-08-27,2072
2009-08-28,2271
2009-08-29,2690
2009-08-30,2366
2009-08-31,2137
2009-09-01,2155
2009-09-02,2341
2009-09-03,2548
2009-09-04,2567
2009-09-05,2525
2009-09-06,2267
2009-09-07,1966
2009-09-08,2077
2009-09-09,1927
2009-09-10,2204
2009-09-11,2574
2009-09-12,2541
2009-09-13,2363
2009-09-14,2140
2009-09-15,2104
2009-09-16,2229
2009-09-17,2415
2009-09-18,2503
2009-09-19,2691
2009-09-20,2252
2009-09-21,1988
2009-09-22,1957
2009-09-23,2051
2009-09-24,2129
2009-09-25,2378
2009-09-26,2458
2009-09-27,2200
2009-09-28,1850
2009-09-29,1988
2009-09-30,2158
2009-10-01,2290
2009-10-02,2515
2009-10-03,2462
2009-10-04,2272
2009-10-05,2228
2009-10-06,1909
2009-10-07,2109
2009-10-08,2062
2009-10-09,2334
2009-10-10,2534
2009-10-11,2040
2009-10-12,1723
2009-10-13,1900
2009-10-14,2017
2009-10-15,1977
2009-10-16,2276
2009-10-17,2481
2009-10-18,2146
2009-10-19,1934
2009-10-20,1944
2009-10-21,2158
2009-10-22,2125
2009-10-23,2303
2009-10-24,2497
2009-10-25,2184
2009-10-26,1914
2009-10-27,1976
2009-10-28,1856
2009-10-29,2126
2009-10-30,2341
2009-10-31,2652
2009-11-01,2400
2009-11-02,1869
2009-11-03,2029
2009-11-04,1959
2009-11-05,2062
2009-11-06,2439
2009-11-07,2574
2009-11-08,2160
2009-11-09,1761
2009-11-10,1762
2009-11-11,1962
2009-11-12,2035
2009-11-13,2305
2009-11-14,2371
2009-11-15,2120
2009-11-16,1832
2009-11-17,1783
2009-11-18,1816
2009-11-19,1714
2009-11-20,2178
2009-11-21,2371
2009-11-22,2046
2009-11-23,1681
2009-11-24,1922
2009-11-25,2178
2009-11-26,1930
2009-11-27,1922
2009-11-28,2045
2009-11-29,1666
2009-11-30,1830
2009-12-01,2048
2009-12-02,1836
2009-12-03,1778
2009-12-04,2051
2009-12-05,2345
2009-12-06,1811
2009-12-07,1763
2009-12-08,1693
2009-12-09,1523
2009-12-10,1593
2009-12-11,2052
2009-12-12,2342
2009-12-13,1912
2009-12-14,1664
2009-12-15,1778
2009-12-16,1945
2009-12-17,1955
2009-12-18,2256
2009-12-19,2274
2009-12-20,2015
2009-12-21,1869
2009-12-22,1975
2009-12-23,2151
2009-12-24,2000
2009-12-25,1844
2009-12-26,1542
2009-12-27,1684
2009-12-28,1673
2009-12-29,1735
2009-12-30,1878
2009-12-31,1987
2010-01-01,1847
2010-01-02,1791
2010-01-03,1599
2010-01-04,1603
2010-01-05,1559
2010-01-06,1610
2010-01-07,1206
2010-01-08,1562
2010-01-09,1951
2010-01-10,1653
2010-01-11,1529
2010-01-12,1644
2010-01-13,1767
2010-01-14,1654
2010-01-15,1770
2010-01-16,1944
2010-01-17,1666
2010-01-18,1404
2010-01-19,1518
2010-01-20,1475
2010-01-21,1610
2010-01-22,1836
2010-01-23,1925
2010-01-24,1601
2010-01-25,1414
2010-01-26,1518
2010-01-27,1727
2010-01-28,1542
2010-01-29,1959
2010-01-30,2229
2010-01-31,1969
2010-02-01,1598
2010-02-02,1535
2010-02-03,1673
2010-02-04,1601
2010-02-05,1857
2010-02-06,2284
2010-02-07,2008
2010-02-08,1743
2010-02-09,1084
2010-02-10,1540
2010-02-11,1915
2010-02-12,2198
2010-02-13,2544
2010-02-14,2164
2010-02-15,1858
2010-02-16,1874
2010-02-17,1798
2010-02-18,1718
2010-02-19,2215
2010-02-20,2297
2010-02-21,390
2010-02-22,11
2010-02-23,17
2010-02-24,314
2010-02-25,1948
2010-02-26,2411
2010-02-27,2342
2010-02-28,2043
2010-03-01,1739
2010-03-02,1618
2010-03-03,1819
2010-03-04,1978
2010-03-05,2350
2010-03-06,2523
2010-03-07,2054
2010-03-08,1732
2010-03-09,1770
2010-03-10,1874
2010-03-11,1853
2010-03-12,2143
2010-03-13,2144
2010-03-14,1987
2010-03-15,1708
2010-03-16,1958
2010-03-17,1934
2010-03-18,2082
2010-03-19,2336
2010-03-20,2122
2010-03-21,2018
2010-03-22,1788
2010-03-23,1783
2010-03-24,1863
2010-03-25,1959
2010-03-26,2244
2010-03-27,2254
2010-03-28,2049
2010-03-29,1729
2010-03-30,1843
2010-03-31,1920
2010-04-01,2266
2010-04-02,2245
2010-04-03,2189
2010-04-04,2231
2010-04-05,2036
2010-04-06,1758
2010-04-07,1751
2010-04-08,1849
2010-04-09,2211
2010-04-10,2510
2010-04-11,2188
2010-04-12,1990
2010-04-13,2032
2010-04-14,2137
2010-04-15,2331
2010-04-16,2523
2010-04-17,2526
2010-04-18,2179
2010-04-19,1982
2010-04-20,2021
2010-04-21,2033
2010-04-22,2238
2010-04-23,2356
2010-04-24,2365
2010-04-25,1992
2010-04-26,2004
2010-04-27,1961
2010-04-28,2093
2010-04-29,2281
2010-04-30,2681
2010-05-01,2843
2010-05-02,2395
2010-05-03,2146
2010-05-04,2175
2010-05-05,2275
2010-05-06,2252
2010-05-07,2468
2010-05-08,2798
2010-05-09,2589
2010-05-10,2256
2010-05-11,1924
2010-05-12,1993
2010-05-13,2181
2010-05-14,2695
2010-05-15,2790
2010-05-16,2324
2010-05-17,2083
2010-05-18,1910
2010-05-19,2181
2010-05-20,2230
2010-05-21,2627
2010-05-22,2689
2010-05-23,2459
2010-05-24,2091
2010-05-25,2233
2010-05-26,2151
2010-05-27,2338
2010-05-28,2492
2010-05-29,2665
2010-05-30,2510
2010-05-31,1821
2010-06-01,2088
2010-06-02,2104
2010-06-03,2155
2010-06-04,2541
2010-06-05,2698
2010-06-06,2256
2010-06-07,1991
2010-06-08,2140
2010-06-09,2130
2010-06-10,2286
2010-06-11,2775
2010-06-12,2727
2010-06-13,2366
2010-06-14,2132
2010-06-15,2208
2010-06-16,2327
2010-06-17,2293
2010-06-18,2480
2010-06-19,2509
2010-06-20,2501
2010-06-21,1993
2010-06-22,2090
2010-06-23,2022
2010-06-24,2327
2010-06-25,2601
2010-06-26,2398
2010-06-27,2214
2010-06-28,1973
2010-06-29,2151
2010-06-30,2149
2010-07-01,2238
2010-07-02,2582
2010-07-03,2455
2010-07-04,2396
2010-07-05,1969
2010-07-06,2020
2010-07-07,2052
2010-07-08,2068
2010-07-09,2377
2010-07-10,2414
2010-07-11,2131
2010-07-12,2021
2010-07-13,1821
2010-07-14,2030
2010-07-15,2188
2010-07-16,2346
2010-07-17,2442
2010-07-18,1781
2010-07-19,31
2010-07-20,98
2010-07-21,1996
2010-07-22,2205
2010-07-23,2464
2010-07-24,2425
2010-07-25,2092
2010-07-26,2204
2010-07-27,2222
2010-07-28,2053
2010-07-29,2223
2010-07-30,2471
2010-07-31,2431
2010-08-01,2116
2010-08-02,1939
2010-08-03,1969
2010-08-04,1902
2010-08-05,1993
2010-08-06,2309
2010-08-07,2379
2010-08-08,1913
2010-08-09,1949
2010-08-10,1704
2010-08-11,1930
2010-08-12,1877
2010-08-13,2147
2010-08-14,1727
2010-08-15,38
2010-08-16,1464
2010-08-17,1919
2010-08-18,2000
2010-08-19,1933
2010-08-20,2173
2010-08-21,2350
2010-08-22,2029
2010-08-23,2081
2010-08-24,2031
2010-08-25,1918
2010-08-26,2095
2010-08-27,2449
2010-08-28,2624
2010-08-29,2408
2010-08-30,2071
2010-08-31,2103
2010-09-01,2211
2010-09-02,2065
2010-09-03,2453
2010-09-04,2438
2010-09-05,2116
2010-09-06,1673
2010-09-07,1975
2010-09-08,1985
2010-09-09,2138
2010-09-10,2278
2010-09-11,2247
2010-09-12,1969
2010-09-13,1845
2010-09-14,1930
2010-09-15,1942
2010-09-16,1831
2010-09-17,2331
2010-09-18,2190
2010-09-19,1905
2010-09-20,1820
2010-09-21,1897
2010-09-22,1778
2010-09-23,1977
2010-09-24,2292
2010-09-25,2228
2010-09-26,1873
2010-09-27,1681
2010-09-28,1610
2010-09-29,1803
2010-09-30,1720
2010-10-01,2030
2010-10-02,2352
2010-10-03,1934
2010-10-04,1735
2010-10-05,1601
2010-10-06,1773
2010-10-07,1802
2010-10-08,2138
2010-10-09,2029
2010-10-10,1821
2010-10-11,1573
2010-10-12,1597
2010-10-13,1617
2010-10-14,1676
2010-10-15,1937
2010-10-16,1951
2010-10-17,1715
2010-10-18,1560
2010-10-19,1570
2010-10-20,1603
2010-10-21,1602
2010-10-22,2047
2010-10-23,2025
2010-10-24,1796
2010-10-25,1600
2010-10-26,1487
2010-10-27,1619
2010-10-28,1628
2010-10-29,1979
2010-10-30,2149
2010-10-31,1707
2010-11-01,1670
2010-11-02,1672
2010-11-03,1630
2010-11-04,1818
2010-11-05,1949
2010-11-06,1983
2010-11-07,1792
2010-11-08,1681
2010-11-09,1700
2010-11-10,1690
2010-11-11,1748
2010-11-12,2034
2010-11-13,1949
2010-11-14,1802
2010-11-15,1678
2010-11-16,1709
2010-11-17,1669
2010-11-18,1773
2010-11-19,1914
2010-11-20,1983
2010-11-21,1657
2010-11-22,1699
2010-11-23,1797
2010-11-24,2100
2010-11-25,1593
2010-11-26,1552
2010-11-27,1836
2010-11-28,1523
2010-11-29,1544
2010-11-30,1465
2010-12-01,1561
2010-12-02,1674
2010-12-03,1827
2010-12-04,1644
2010-12-05,1655
2010-12-06,1612
2010-12-07,1698
2010-12-08,1715
2010-12-09,1598
2010-12-10,2064
2010-12-11,1949
2010-12-12,1183
2010-12-13,1316
2010-12-14,1528
2010-12-15,1661
2010-12-16,1680
2010-12-17,1998
2010-12-18,2168
2010-12-19,1711
2010-12-20,1321
2010-12-21,1552
2010-12-22,1804
2010-12-23,1843
2010-12-24,1580
2010-12-25,1522
2010-12-26,1367
2010-12-27,1424
2010-12-28,1535
2010-12-29,1548
2010-12-30,1726
2010-12-31,1732
2011-01-01,1534
2011-01-02,1284
2011-01-03,1312
2011-01-04,1357
2011-01-05,1255
2011-01-06,1417
2011-01-07,1602
2011-01-08,1613
2011-01-09,1348
2011-01-10,1299
2011-01-11,1203
2011-01-12,1325
2011-01-13,1478
2011-01-14,1583
2011-01-15,1623
2011-01-16,1463
2011-01-17,1351
2011-01-18,1420
2011-01-19,1356
2011-01-20,1471
2011-01-21,1569
2011-01-22,1637
2011-01-23,1444
2011-01-24,1336
2011-01-25,1233
2011-01-26,1256
2011-01-27,1414
2011-01-28,1535
2011-01-29,1782
2011-01-30,1377
2011-01-31,1345
2011-02-01,795
2011-02-02,104
2011-02-03,731
2011-02-04,1128
2011-02-05,1308
2011-02-06,1194
2011-02-07,1204
2011-02-08,1306
2011-02-09,1351
2011-02-10,1281
2011-02-11,1613
2011-02-12,1861
2011-02-13,1641
2011-02-14,1517
2011-02-15,1574
2011-02-16,1513
2011-02-17,1604
2011-02-18,1939
2011-02-19,1938
2011-02-20,1644
2011-02-21,1445
2011-02-22,1522
2011-02-23,1447
2011-02-24,1622
2011-02-25,1748
2011-02-26,1826
2011-02-27,1657
2011-02-28,1409
2011-03-01,1517
2011-03-02,1450
2011-03-03,1467
2011-03-04,1742
2011-03-05,1622
2011-03-06,1547
2011-03-07,1551
2011-03-08,1491
2011-03-09,1469
2011-03-10,1433
2011-03-11,1836
2011-03-12,2001
2011-03-13,1842
2011-03-14,1545
2011-03-15,1461
2011-03-16,1701
2011-03-17,1609
2011-03-18,1994
2011-03-19,2177
2011-03-20,1679
2011-03-21,1577
2011-03-22,1510
2011-03-23,1531
2011-03-24,1621
2011-03-25,1850
2011-03-26,2025
2011-03-27,1760
2011-03-28,1573
2011-03-29,1518
2011-03-30,1659
2011-03-31,1729
2011-04-01,1983
2011-04-02,2208
2011-04-03,1676
2011-04-04,1454
2011-04-05,1659
2011-04-06,1693
2011-04-07,1659
2011-04-08,1822
2011-04-09,2261
2011-04-10,1995
2011-04-11,1604
2011-04-12,1643
2011-04-13,1692
2011-04-14,1816
2011-04-15,2017
2011-04-16,2087
2011-04-17,1935
2011-04-18,1587
2011-04-19,1377
2011-04-20,1552
2011-04-21,1792
2011-04-22,1739
2011-04-23,2069
2011-04-24,1963
2011-04-25,1672
2011-04-26,1638
2011-04-27,1659
2011-04-28,1712
2011-04-29,1980
2011-04-30,2189
2011-05-01,1977
2011-05-02,1762
2011-05-03,1787
2011-05-04,1907
2011-05-05,2038
2011-05-06,2160
2011-05-07,2163
2011-05-08,2175
2011-05-09,1728
2011-05-10,1853
2011-05-11,1799
2011-05-12,2019
2011-05-13,2207
2011-05-14,2030
2011-05-15,1711
2011-05-16,1797
2011-05-17,1821
2011-05-18,1788
2011-05-19,1916
2011-05-20,2242
2011-05-21,2175
2011-05-22,2111
2011-05-23,1863
2011-05-24,2027
2011-05-25,1694
2011-05-26,1896
2011-05-27,2175
2011-05-28,1965
2011-05-29,1667
2011-05-30,1743
2011-05-31,1707
2011-06-01,1936
2011-06-02,1912
2011-06-03,2301
2011-06-04,2293
2011-06-05,2019
2011-06-06,1846
2011-06-07,1922
2011-06-08,1905
2011-06-09,1800
2011-06-10,2135
2011-06-11,2240
2011-06-12,2128
2011-06-13,1942
2011-06-14,2007
2011-06-15,1921
2011-06-16,2133
2011-06-17,2522
2011-06-18,2320
2011-06-19,2239
2011-06-20,1851
2011-06-21,1884
2011-06-22,1892
2011-06-23,1883
2011-06-24,2045
2011-06-25,2345
2011-06-26,2178
2011-06-27,1938
2011-06-28,1914
2011-06-29,2071
2011-06-30,2181
2011-07-01,2340
2011-07-02,2392
2011-07-03,2328
2011-07-04,2006
2011-07-05,2084
2011-07-06,2131
2011-07-07,2078
2011-07-08,2304
2011-07-09,2432
2011-07-10,1952
2011-07-11,1751
2011-07-12,1780
2011-07-13,1845
2011-07-14,1886
2011-07-15,2184
2011-07-16,2213
2011-07-17,1981
2011-07-18,1749
2011-07-19,1749
2011-07-20,1646
2011-07-21,1836
2011-07-22,1821
2011-07-23,1876
2011-07-24,1542
2011-07-25,1599
2011-07-26,1765
2011-07-27,1653
2011-07-28,1605
2011-07-29,1892
2011-07-30,1925
2011-07-31,1837
2011-08-01,1652
2011-08-02,1684
2011-08-03,1781
2011-08-04,1832
2011-08-05,2034
2011-08-06,1978
2011-08-07,1894
2011-08-08,1738
2011-08-09,1669
2011-08-10,1850
2011-08-11,1830
2011-08-12,1935
2011-08-13,2045
2011-08-14,1871
2011-08-15,1587
2011-08-16,1570
2011-08-17,1554
2011-08-18,1743
2011-08-19,1991
2011-08-20,1842
2011-08-21,1924
2011-08-22,1563
2011-08-23,1449
2011-08-24,1638
2011-08-25,1729
2011-08-26,1882
2011-08-27,1914
2011-08-28,1804
2011-08-29,1605
2011-08-30,1571
2011-08-31,1684
2011-09-01,1848
2011-09-02,1997
2011-09-03,1938
2011-09-04,1782
2011-09-05,1441
2011-09-06,1676
2011-09-07,1639
2011-09-08,1673
2011-09-09,1767
2011-09-10,1911
2011-09-11,1729
2011-09-12,1579
2011-09-13,1592
2011-09-14,1636
2011-09-15,1811
2011-09-16,1714
2011-09-17,2106
2011-09-18,1518
2011-09-19,1481
2011-09-20,1593
2011-09-21,1638
2011-09-22,1597
2011-09-23,1713
2011-09-24,1852
2011-09-25,1517
2011-09-26,1427
2011-09-27,1432
2011-09-28,1453
2011-09-29,1469
2011-09-30,1793
2011-10-01,1831
2011-10-02,1681
2011-10-03,1621
2011-10-04,1538
2011-10-05,1465
2011-10-06,1694
2011-10-07,1819
2011-10-08,1862
2011-10-09,1593
2011-10-10,1324
2011-10-11,1486
2011-10-12,1499
2011-10-13,1561
2011-10-14,1867
2011-10-15,1944
2011-10-16,1603
2011-10-17,1485
2011-10-18,1434
2011-10-19,1526
2011-10-20,1471
2011-10-21,1828
2011-10-22,1948
2011-10-23,1593
2011-10-24,1469
2011-10-25,1562
2011-10-26,1298
2011-10-27,1555
2011-10-28,1816
2011-10-29,1934
2011-10-30,1575
2011-10-31,1475
2011-11-01,1562
2011-11-02,1501
2011-11-03,1408
2011-11-04,1935
2011-11-05,1842
2011-11-06,1570
2011-11-07,1309
2011-11-08,1406
2011-11-09,1429
2011-11-10,1371
2011-11-11,1533
2011-11-12,1781
2011-11-13,1446
2011-11-14,1251
2011-11-15,1401
2011-11-16,1420
2011-11-17,1591
2011-11-18,1667
2011-11-19,1718
2011-11-20,1374
2011-11-21,1306
2011-11-22,1436
2011-11-23,1651
2011-11-24,1294
2011-11-25,1311
2011-11-26,1496
2011-11-27,1334
2011-11-28,1255
2011-11-29,1159
2011-11-30,1261
2011-12-01,1361
2011-12-02,1563
2011-12-03,1574
2011-12-04,1189
2011-12-05,1147
2011-12-06,1188
2011-12-07,1313
2011-12-08,1338
2011-12-09,1715
2011-12-10,1745
2011-12-11,1335
2011-12-12,1265
2011-12-13,1222
2011-12-14,1348
2011-12-15,1319
2011-12-16,1635
2011-12-17,1692
2011-12-18,1593
2011-12-19,1439
2011-12-20,1303
2011-12-21,1455
2011-12-22,1494
2011-12-23,1683
2011-12-24,1531
2011-12-25,1360
2011-12-26,1163
2011-12-27,1193
2011-12-28,1296
2011-12-29,1346
2011-12-30,1270
2011-12-31,1521
2012-01-01,1347
2012-01-02,1136
2012-01-03,1212
2012-01-04,1234
2012-01-05,1287
2012-01-06,1450
2012-01-07,1486
2012-01-08,1299
2012-01-09,1248
2012-01-10,1239
2012-01-11,1311
2012-01-12,796
2012-01-13,1161
2012-01-14,1461
2012-01-15,1297
2012-01-16,1209
2012-01-17,1219
2012-01-18,1307
2012-01-19,1357
2012-01-20,744
2012-01-21,1210
2012-01-22,1193
2012-01-23,1171
2012-01-24,1319
2012-01-25,1238
2012-01-26,1256
2012-01-27,1585
2012-01-28,1793
2012-01-29,1438
2012-01-30,1304
2012-01-31,1368
2012-02-01,1406
2012-02-02,1446
2012-02-03,1488
2012-02-04,1700
2012-02-05,1524
2012-02-06,1282
2012-02-07,1177
2012-02-08,1395
2012-02-09,1478
2012-02-10,1166
2012-02-11,1697
2012-02-12,1634
2012-02-13,1178
2012-02-14,1434
2012-02-15,1378
2012-02-16,1435
2012-02-17,1677
2012-02-18,1817
2012-02-19,1621
2012-02-20,1404
2012-02-21,1255
2012-02-22,1374
2012-02-23,1398
2012-02-24,1400
2012-02-25,1839
2012-02-26,1539
2012-02-27,1381
2012-02-28,1262
2012-02-29,1501
2012-03-01,1329
2012-03-02,1500
2012-03-03,1547
2012-03-04,1417
2012-03-05,1468
2012-03-06,1531
2012-03-07,1488
2012-03-08,1586
2012-03-09,1821
2012-03-10,2055
2012-03-11,1787
2012-03-12,1548
2012-03-13,1623
2012-03-14,1645
2012-03-15,1735
2012-03-16,1917
2012-03-17,2014
2012-03-18,1980
2012-03-19,1548
2012-03-20,1683
2012-03-21,1637
2012-03-22,1725
2012-03-23,1725
2012-03-24,1772
2012-03-25,1653
2012-03-26,1370
2012-03-27,1440
2012-03-28,1554
2012-03-29,1552
2012-03-30,1618
2012-03-31,1729
2012-04-01,1552
2012-04-02,1430
2012-04-03,1499
2012-04-04,1634
2012-04-05,1773
2012-04-06,1773
2012-04-07,1805
2012-04-08,1818
2012-04-09,1549
2012-04-10,1540
2012-04-11,1532
2012-04-12,1624
2012-04-13,1844
2012-04-14,1824
2012-04-15,1563
2012-04-16,1443
2012-04-17,1570
2012-04-18,1487
2012-04-19,1535
2012-04-20,1659
2012-04-21,1919
2012-04-22,1670
2012-04-23,1445
2012-04-24,1614
2012-04-25,1534
2012-04-26,1693
2012-04-27,1823
2012-04-28,1755
2012-04-29,1677
2012-04-30,1459
2012-05-01,1676
2012-05-02,1688
2012-05-03,1832
2012-05-04,2051
2012-05-05,1986
2012-05-06,1764
2012-05-07,1516
2012-05-08,1700
2012-05-09,1762
2012-05-10,1880
2012-05-11,2147
2012-05-12,2008
2012-05-13,2228
2012-05-14,1657
2012-05-15,1742
2012-05-16,1763
2012-05-17,1845
2012-05-18,2128
2012-05-19,2193
2012-05-20,2046
2012-05-21,1611
2012-05-22,1654
2012-05-23,1530
2012-05-24,1726
2012-05-25,2093
2012-05-26,1981
2012-05-27,1911
2012-05-28,1606
2012-05-29,1749
2012-05-30,1772
2012-05-31,1724
2012-06-01,2026
2012-06-02,2290
2012-06-03,2155
2012-06-04,1847
2012-06-05,1824
2012-06-06,1906
2012-06-07,2078
2012-06-08,2323
2012-06-09,2469
2012-06-10,2214
2012-06-11,1979
2012-06-12,1903
2012-06-13,1935
2012-06-14,2107
2012-06-15,2392
2012-06-16,2503
2012-06-17,2329
2012-06-18,1896
2012-06-19,1831
2012-06-20,1979
2012-06-21,2012
2012-06-22,2233
2012-06-23,2315
2012-06-24,2049
2012-06-25,1866
2012-06-26,1927
2012-06-27,1926
2012-06-28,1954
2012-06-29,2150
2012-06-30,2335
2012-07-01,1997
2012-07-02,1892
2012-07-03,2059
2012-07-04,1827
2012-07-05,1829
2012-07-06,1995
2012-07-07,2209
2012-07-08,1971
2012-07-09,1636
2012-07-10,1673
2012-07-11,1823
2012-07-12,1878
2012-07-13,2012
2012-07-14,2112
2012-07-15,1971
2012-07-16,1756
2012-07-17,1807
2012-07-18,1837
2012-07-19,1934
2012-07-20,2088
2012-07-21,2228
2012-07-22,1989
2012-07-23,1736
2012-07-24,1663
2012-07-25,1713
2012-07-26,1829
2012-07-27,2107
2012-07-28,2324
2012-07-29,1962
2012-07-30,1630
2012-07-31,1821
2012-08-01,2068
2012-08-02,1925
2012-08-03,2191
2012-08-04,2096
2012-08-05,2004
2012-08-06,1727
2012-08-07,1819
2012-08-08,1730
2012-08-09,1684
2012-08-10,2068
2012-08-11,2355
2012-08-12,1955
2012-08-13,1569
2012-08-14,1715
2012-08-15,1902
2012-08-16,1611
2012-08-17,2175
2012-08-18,2345
2012-08-19,2030
2012-08-20,1688
2012-08-21,1789
2012-08-22,1821
2012-08-23,1850
2012-08-24,2080
2012-08-25,2245
2012-08-26,1885
2012-08-27,1683
2012-08-28,1790
2012-08-29,1747
2012-08-30,1927
2012-08-31,2122
2012-09-01,1897
2012-09-02,1948
2012-09-03,1611
2012-09-04,1735
2012-09-05,1698
2012-09-06,1792
2012-09-07,1823
2012-09-08,2224
2012-09-09,1895
2012-09-10,1672
2012-09-11,1638
2012-09-12,1810
2012-09-13,1753
2012-09-14,1966
2012-09-15,2143
2012-09-16,1775
2012-09-17,1533
2012-09-18,1564
2012-09-19,1760
2012-09-20,1703
2012-09-21,1809
2012-09-22,2051
2012-09-23,1814
2012-09-24,1637
2012-09-25,1644
2012-09-26,1636
2012-09-27,1693
2012-09-28,1994
2012-09-29,2202
2012-09-30,1802
2012-10-01,1526
2012-10-02,1613
2012-10-03,1569
2012-10-04,1706
2012-10-05,1694
2012-10-06,1935
2012-10-07,1701
2012-10-08,1479
2012-10-09,1566
2012-10-10,1588
2012-10-11,1666
2012-10-12,1821
2012-10-13,1801
2012-10-14,1639
2012-10-15,1541
2012-10-16,1587
2012-10-17,1604
2012-10-18,1626
2012-10-19,1749
2012-10-20,1996
2012-10-21,1758
2012-10-22,1364
2012-10-23,1389
2012-10-24,1561
2012-10-25,1625
2012-10-26,1904
2012-10-27,1810
2012-10-28,1632
2012-10-29,1409
2012-10-30,1297
2012-10-31,1388
2012-11-01,1524
2012-11-02,1756
2012-11-03,1606
2012-11-04,1467
2012-11-05,1196
2012-11-06,1419
2012-11-07,1327
2012-11-08,1338
2012-11-09,1682
2012-11-10,1672
2012-11-11,1650
2012-11-12,1402
2012-11-13,1438
2012-11-14,1421
2012-11-15,1443
2012-11-16,1626
2012-11-17,1731
2012-11-18,1464
2012-11-19,1364
2012-11-20,1431
2012-11-21,1638
2012-11-22,1387
2012-11-23,1209
2012-11-24,1357
2012-11-25,1285
2012-11-26,1146
2012-11-27,1199
2012-11-28,1329
2012-11-29,1363
2012-11-30,1503
2012-12-01,1478
2012-12-02,1230
2012-12-03,1203
2012-12-04,1290
2012-12-05,1234
2012-12-06,1245
2012-12-07,1472
2012-12-08,1584
2012-12-09,1254
2012-12-10,1163
2012-12-11,1313
2012-12-12,1431
2012-12-13,1456
2012-12-14,1545
2012-12-15,1509
2012-12-16,1424
2012-12-17,1210
2012-12-18,1205
2012-12-19,1367
2012-12-20,1399
2012-12-21,1599
2012-12-22,1749
2012-12-23,1368
2012-12-24,1217
2012-12-25,1116
2012-12-26,1113
2012-12-27,1219
2012-12-28,1257
2012-12-29,1338
2012-12-30,1257
2012-12-31,1271
2013-01-01,1206
2013-01-02,1037
2013-01-03,1072
2013-01-04,1390
2013-01-05,1330
2013-01-06,1196
2013-01-07,1306
2013-01-08,1159
2013-01-09,1229
2013-01-10,1226
2013-01-11,1277
2013-01-12,1559
2013-01-13,1153
2013-01-14,1177
2013-01-15,1215
2013-01-16,1255
2013-01-17,1346
2013-01-18,1541
2013-01-19,1604
2013-01-20,1342
2013-01-21,1188
2013-01-22,1257
2013-01-23,1234
2013-01-24,1256
2013-01-25,1408
2013-01-26,1610
2013-01-27,1225
2013-01-28,1095
2013-01-29,1194
2013-01-30,1104
2013-01-31,1274
2013-02-01,1624
2013-02-02,1371
2013-02-03,1465
2013-02-04,1236
2013-02-05,1224
2013-02-06,1357
2013-02-07,1292
2013-02-08,1471
2013-02-09,1761
2013-02-10,1386
2013-02-11,1208
2013-02-12,1215
2013-02-13,1400
2013-02-14,1494
2013-02-15,1737
2013-02-16,1694
2013-02-17,1636
2013-02-18,1381
2013-02-19,1338
2013-02-20,1387
2013-02-21,1246
2013-02-22,1265
2013-02-23,1737
2013-02-24,1625
2013-02-25,1482
2013-02-26,1005
2013-02-27,1299
2013-02-28,1392
2013-03-01,1811
2013-03-02,1834
2013-03-03,1631
2013-03-04,1423
2013-03-05,837
2013-03-06,1309
2013-03-07,1606
2013-03-08,1805
2013-03-09,1776
2013-03-10,1503
2013-03-11,1422
2013-03-12,1399
2013-03-13,1509
2013-03-14,1557
2013-03-15,1719
2013-03-16,1705
2013-03-17,1576
2013-03-18,1291
2013-03-19,1419
2013-03-20,1449
2013-03-21,1549
2013-03-22,1798
2013-03-23,1837
2013-03-24,1457
2013-03-25,1296
2013-03-26,1351
2013-03-27,1303
2013-03-28,1597
2013-03-29,1775
2013-03-30,1622
2013-03-31,1730
2013-04-01,1487
2013-04-02,1532
2013-04-03,1586
2013-04-04,1652
2013-04-05,1812
2013-04-06,1858
2013-04-07,1731
2013-04-08,1532
2013-04-09,1486
2013-04-10,1377
2013-04-11,1526
2013-04-12,1720
2013-04-13,1890
2013-04-14,1667
2013-04-15,1457
2013-04-16,1436
2013-04-17,1441
2013-04-18,1402
2013-04-19,1624
2013-04-20,1963
2013-04-21,1634
2013-04-22,1524
2013-04-23,1397
2013-04-24,1607
2013-04-25,1698
2013-04-26,1966
2013-04-27,1945
2013-04-28,1693
2013-04-29,1579
2013-04-30,1716
2013-05-01,1745
2013-05-02,1681
2013-05-03,1768
2013-05-04,1811
2013-05-05,1616
2013-05-06,1508
2013-05-07,1530
2013-05-08,1654
2013-05-09,1670
2013-05-10,1815
2013-05-11,1945
2013-05-12,2044
2013-05-13,1846
2013-05-14,1805
2013-05-15,1805
2013-05-16,1816
2013-05-17,1865
2013-05-18,2084
2013-05-19,1938
2013-05-20,1729
2013-05-21,1650
2013-05-22,1621
2013-05-23,1805
2013-05-24,2011
2013-05-25,1800
2013-05-26,1765
2013-05-27,1338
2013-05-28,1484
2013-05-29,1620
2013-05-30,1787
2013-05-31,1893
2013-06-01,2077
2013-06-02,1685
2013-06-03,1748
2013-06-04,1751
2013-06-05,1678
2013-06-06,1758
2013-06-07,2090
2013-06-08,2214
2013-06-09,1855
2013-06-10,1618
2013-06-11,1674
2013-06-12,1643
2013-06-13,1889
2013-06-14,2197
2013-06-15,2231
2013-06-16,2113
2013-06-17,1749
2013-06-18,1687
2013-06-19,1713
2013-06-20,1880
2013-06-21,1833
2013-06-22,2047
2013-06-23,1991
2013-06-24,1662
2013-06-25,1617
2013-06-26,1697
2013-06-27,1917
2013-06-28,2086
2013-06-29,2092
2013-06-30,1972
2013-07-01,1820
2013-07-02,1736
2013-07-03,1891
2013-07-04,1920
2013-07-05,2008
2013-07-06,2110
2013-07-07,1913
2013-07-08,1610
2013-07-09,1691
2013-07-10,1759
2013-07-11,1959
2013-07-12,2018
2013-07-13,2076
2013-07-14,1955
2013-07-15,1676
2013-07-16,1639
2013-07-17,1792
2013-07-18,1793
2013-07-19,2040
2013-07-20,2157
2013-07-21,1884
2013-07-22,1643
2013-07-23,1687
2013-07-24,1724
2013-07-25,1828
2013-07-26,1769
2013-07-27,2049
2013-07-28,1944
2013-07-29,1710
2013-07-30,1622
2013-07-31,1661
2013-08-01,1953
2013-08-02,2044
2013-08-03,2271
2013-08-04,1916
2013-08-05,1603
2013-08-06,1672
2013-08-07,1769
2013-08-08,1820
2013-08-09,1861
2013-08-10,2289
2013-08-11,1985
2013-08-12,1640
2013-08-13,1692
2013-08-14,1664
2013-08-15,1681
2013-08-16,1979
2013-08-17,2170
2013-08-18,1921
2013-08-19,1568
2013-08-20,1711
2013-08-21,1758
2013-08-22,1647
2013-08-23,1962
2013-08-24,2237
2013-08-25,2080
2013-08-26,1626
2013-08-27,1552
2013-08-28,1501
2013-08-29,1817
2013-08-30,2063
2013-08-31,1686
2013-09-01,1823
2013-09-02,1386
2013-09-03,1675
2013-09-04,1619
2013-09-05,1669
2013-09-06,1962
2013-09-07,2007
2013-09-08,1680
2013-09-09,1671
2013-09-10,1654
2013-09-11,1770
2013-09-12,1785
2013-09-13,1835
2013-09-14,1943
2013-09-15,1549
2013-09-16,1713
2013-09-17,1605
2013-09-18,1531
2013-09-19,1575
2013-09-20,1712
2013-09-21,2177
2013-09-22,1759
2013-09-23,1620
2013-09-24,1642
2013-09-25,1577
2013-09-26,1681
2013-09-27,1820
2013-09-28,1851
2013-09-29,1605
2013-09-30,1489
2013-10-01,1409
2013-10-02,1619
2013-10-03,1558
2013-10-04,1638
2013-10-05,1839
2013-10-06,1643
2013-10-07,1484
2013-10-08,1482
2013-10-09,1531
2013-10-10,1607
2013-10-11,1764
2013-10-12,1711
2013-10-13,1575
2013-10-14,1364
2013-10-15,1253
2013-10-16,1731
2013-10-17,1687
2013-10-18,2026
2013-10-19,2447
2013-10-20,2059
2013-10-21,2252
2013-10-22,2424
2013-10-23,2629
2013-10-24,2746
2013-10-25,3553
2013-10-26,3789
2013-10-27,3259
2013-10-28,2697
2013-10-29,2800
2013-10-30,2441
2013-10-31,2166
2013-11-01,2781
2013-11-02,2920
2013-11-03,2789
2013-11-04,2582
2013-11-05,2324
2013-11-06,2317
2013-11-07,2722
2013-11-08,3014
2013-11-09,3556
2013-11-10,2894
2013-11-11,1930
2013-11-12,2747
2013-11-13,2644
2013-11-14,2725
2013-11-15,2768
2013-11-16,2573
2013-11-17,1983
2013-11-18,2683
2013-11-19,2959
2013-11-20,2804
2013-11-21,2635
2013-11-22,2981
2013-11-23,3402
2013-11-24,3024
2013-11-25,2396
2013-11-26,2427
2013-11-27,3259
2013-11-28,3227
2013-11-29,3011
2013-11-30,3244
2013-12-01,2773
2013-12-02,2378
2013-12-03,2178
2013-12-04,2073
2013-12-05,2551
2013-12-06,3084
2013-12-07,3750
2013-12-08,1671
2013-12-09,2211
2013-12-10,2438
2013-12-11,2369
2013-12-12,2711
2013-12-13,2972
2013-12-14,1859
2013-12-15,2430
2013-12-16,2279
2013-12-17,2364
2013-12-18,2628
2013-12-19,2791
2013-12-20,2861
2013-12-21,3091
2013-12-22,2801
2013-12-23,3451
2013-12-24,3883
2013-12-25,2454
2013-12-26,3069
2013-12-27,3416
2013-12-28,3490
2013-12-29,2530
2013-12-30,3059
2013-12-31,2159
2014-01-01,1101
2014-01-02,858
2014-01-03,1981
2014-01-04,1762
2014-01-05,537
2014-01-06,739
2014-01-07,1215
2014-01-08,1607
2014-01-09,1809
2014-01-10,2110
2014-01-11,2941
2014-01-12,2800
2014-01-13,2653
2014-01-14,2306
2014-01-15,2799
2014-01-16,2188
2014-01-17,2524
2014-01-18,1846
2014-01-19,3021
2014-01-20,2253
2014-01-21,1837
2014-01-22,1958
2014-01-23,2417
2014-01-24,2139
2014-01-25,3002
2014-01-26,1929
2014-01-27,1822
2014-01-28,2203
2014-01-29,2706
2014-01-30,2318
2014-01-31,2966
2014-02-01,1539
2014-02-02,2754
2014-02-03,3012
2014-02-04,2426
2014-02-05,1078
2014-02-06,2194
2014-02-07,3006
2014-02-08,2146
2014-02-09,2849
2014-02-10,2975
2014-02-11,3265
2014-02-12,3229
2014-02-13,3556
2014-02-14,4020
2014-02-15,3888
2014-02-16,3617
2014-02-17,1317
2014-02-18,2910
2014-02-19,3251
2014-02-20,2180
2014-02-21,3501
2014-02-22,4439
2014-02-23,3688
2014-02-24,3764
2014-02-25,4019
2014-02-26,3871
2014-02-27,4196
2014-02-28,4612
2014-03-01,3234
2014-03-02,2861
2014-03-03,3679
2014-03-04,4195
2014-03-05,3191
2014-03-06,4265
2014-03-07,4782
2014-03-08,4097
2014-03-09,4124
2014-03-10,4863
2014-03-11,3962
2014-03-12,3447
2014-03-13,4604
2014-03-14,5473
2014-03-15,5140
2014-03-16,4982
2014-03-17,5566
2014-03-18,5845
2014-03-19,4192
2014-03-20,5660
2014-03-21,6549
2014-03-22,5198
2014-03-23,4613
2014-03-24,5772
2014-03-25,5076
2014-03-26,5900
2014-03-27,4480
2014-03-28,5354
2014-03-29,5208
2014-03-30,5427
2014-03-31,6072
2014-04-01,5641
2014-04-02,6038
2014-04-03,4747
2014-04-04,5729
2014-04-05,5587
2014-04-06,4851
2014-04-07,6548
2014-04-08,4777
2014-04-09,7529
2014-04-10,6922
2014-04-11,8368
2014-04-12,5346
2014-04-13,4118
2014-04-14,3940
2014-04-15,4879
2014-04-16,5119
2014-04-17,5397
2014-04-18,4758
2014-04-19,5613
2014-04-20,5827
2014-04-21,6155
2014-04-22,6834
2014-04-23,7170
2014-04-24,6674
2014-04-25,7676
2014-04-26,5344
2014-04-27,4923
2014-04-28,5250
2014-04-29,6290
2014-04-30,6540
2014-05-01,5829
2014-05-02,6665
2014-05-03,5880
2014-05-04,4994
2014-05-05,7266
2014-05-06,7668
2014-05-07,8264
2014-05-08,8743
2014-05-09,8217
2014-05-10,6146
2014-05-11,5231
2014-05-12,7955
2014-05-13,7145
2014-05-14,7276
2014-05-15,6579
2014-05-16,6419
2014-05-17,6544
2014-05-18,5903
2014-05-19,7680
2014-05-20,7850
2014-05-21,7788
2014-05-22,7252
2014-05-23,7317
2014-05-24,5031
2014-05-25,5955
2014-05-26,4861
2014-05-27,6847
2014-05-28,6909
2014-05-29,7490
2014-05-30,7953
2014-05-31,5789
2014-06-01,5265
2014-06-02,6472
2014-06-03,7354
2014-06-04,4864
2014-06-05,6881
2014-06-06,7596
2014-06-07,5502
2014-06-08,5246
2014-06-09,6608
2014-06-10,4959
2014-06-11,6198
2014-06-12,7094
2014-06-13,7837
2014-06-14,5779
2014-06-15,5316
2014-06-16,4627
2014-06-17,4200
2014-06-18,4040
2014-06-19,4586
2014-06-20,5206
2014-06-21,5237
2014-06-22,5285
2014-06-23,5562
2014-06-24,6231
2014-06-25,5552
2014-06-26,5800
2014-06-27,6446
2014-06-28,5241
2014-06-29,5359
2014-06-30,5360
2014-07-01,6166
2014-07-02,5205
2014-07-03,6364
2014-07-04,5194
2014-07-05,4973
2014-07-06,4894
2014-07-07,6040
2014-07-08,5840
2014-07-09,6075
2014-07-10,5980
2014-07-11,5822
2014-07-12,4015
2014-07-13,5013
2014-07-14,5651
2014-07-15,5744
2014-07-16,6070
2014-07-17,5937
2014-07-18,5921
2014-07-19,5257
2014-07-20,4827
2014-07-21,5659
2014-07-22,5874
2014-07-23,5941
2014-07-24,5802
2014-07-25,5018
2014-07-26,5024
2014-07-27,4982
2014-07-28,5314
2014-07-29,4390
2014-07-30,4634
2014-07-31,5009
2014-08-01,4517
2014-08-02,5295
2014-08-03,4481
2014-08-04,4124
2014-08-05,4273
2014-08-06,4325
2014-08-07,4514
2014-08-08,4920
2014-08-09,5471
2014-08-10,4622
2014-08-11,3958
2014-08-12,3893
2014-08-13,4330
2014-08-14,4335
2014-08-15,4620
2014-08-16,5114
2014-08-17,4289
2014-08-18,4317
2014-08-19,3799
2014-08-20,3554
2014-08-21,2850
2014-08-22,4650
2014-08-23,4364
2014-08-24,4532
2014-08-25,3619
2014-08-26,4034
2014-08-27,4221
2014-08-28,4219
2014-08-29,4703
2014-08-30,4632
2014-08-31,4663
2014-09-01,3938
2014-09-02,6484
2014-09-03,6259
2014-09-04,4905
2014-09-05,5879
2014-09-06,4652
2014-09-07,4537
2014-09-08,5856
2014-09-09,5346
2014-09-10,4206
2014-09-11,5317
2014-09-12,4543
2014-09-13,5104
2014-09-14,4479
2014-09-15,4764
2014-09-16,5683
2014-09-17,5762
2014-09-18,5674
2014-09-19,5885
2014-09-20,4114
2014-09-21,4081
2014-09-22,5636
2014-09-23,5435
2014-09-24,5505
2014-09-25,5221
2014-09-26,5997
2014-09-27,4410
2014-09-28,4491
2014-09-29,5314
2014-09-30,4479
2014-10-01,5335
2014-10-02,4363
2014-10-03,4600
2014-10-04,3790
2014-10-05,4361
2014-10-06,4844
2014-10-07,4781
2014-10-08,4891
2014-10-09,5015
2014-10-10,4970
2014-10-11,4440
2014-10-12,4360
2014-10-13,2980
2014-10-14,3144
2014-10-15,3749
2014-10-16,4469
2014-10-17,4956
2014-10-18,4098
2014-10-19,4259
2014-10-20,4843
2014-10-21,4139
2014-10-22,5146
2014-10-23,5152
2014-10-24,5263
2014-10-25,4675
2014-10-26,4377
2014-10-27,4904
2014-10-28,5103
2014-10-29,4602
2014-10-30,4801
2014-10-31,4244
2014-11-01,4970
2014-11-02,4374
2014-11-03,4709
2014-11-04,4439
2014-11-05,5312
2014-11-06,4405
2014-11-07,4250
2014-11-08,4706
2014-11-09,4158
2014-11-10,5247
2014-11-11,3007
2014-11-12,4670
2014-11-13,4252
2014-11-14,5317
2014-11-15,4678
2014-11-16,3781
2014-11-17,4746
2014-11-18,4996
2014-11-19,4812
2014-11-20,5379
2014-11-21,5567
2014-11-22,3745
2014-11-23,2972
2014-11-24,2863
2014-11-25,4903
2014-11-26,3921
2014-11-27,5037
2014-11-28,4186
2014-11-29,4520
2014-11-30,3940
2014-12-01,4790
2014-12-02,4774
2014-12-03,5298
2014-12-04,5072
2014-12-05,4963
2014-12-06,4208
2014-12-07,4081
2014-12-08,3092
2014-12-09,3462
2014-12-10,3993
2014-12-11,5194
2014-12-12,4703
2014-12-13,4268
2014-12-14,3947
2014-12-15,3776
2014-12-16,3880
2014-12-17,4621
2014-12-18,4914
2014-12-19,5431
2014-12-20,4483
2014-12-21,4263
2014-12-22,3051
2014-12-23,4132
2014-12-24,3618
2014-12-25,4988
2014-12-26,4528
2014-12-27,4186
2014-12-28,4591
2014-12-29,3794
2014-12-30,4146
2014-12-31,4636
2015-01-01,4517
2015-01-02,4086
2015-01-03,2412
2015-01-04,1946
2015-01-05,2764
2015-01-06,2817
2015-01-07,2482
2015-01-08,1920
2015-01-09,2876
2015-01-10,3102
2015-01-11,2718
2015-01-12,3433
2015-01-13,3774
2015-01-14,3843
2015-01-15,4174
2015-01-16,4485
2015-01-17,3706
2015-01-18,3590
2015-01-19,3037
2015-01-20,3931
2015-01-21,3705
2015-01-22,3805
2015-01-23,4371
2015-01-24,3880
2015-01-25,2433
2015-01-26,3995
2015-01-27,4300
2015-01-28,4726
2015-01-29,3867
2015-01-30,5392
2015-01-31,4013
2015-02-01,397
2015-02-02,992
2015-02-03,2116
2015-02-04,1981
2015-02-05,3143
2015-02-06,3742
2015-02-07,3463
2015-02-08,3023
2015-02-09,3178
2015-02-10,3988
2015-02-11,3778
2015-02-12,4315
2015-02-13,4553
2015-02-14,4012
2015-02-15,2925
2015-02-16,3229
2015-02-17,3686
2015-02-18,4148
2015-02-19,3583
2015-02-20,4574
2015-02-21,3784
2015-02-22,4003
2015-02-23,4345
2015-02-24,3942
2015-02-25,3802
2015-02-26,2483
2015-02-27,4171
2015-02-28,3989
2015-03-01,3676
2015-03-02,4576
2015-03-03,2925
2015-03-04,4404
2015-03-05,4457
2015-03-06,4918
2015-03-07,3991
2015-03-08,3480
2015-03-09,4854
2015-03-10,3993
2015-03-11,4557
2015-03-12,4903
2015-03-13,5276
2015-03-14,4146
2015-03-15,3886
2015-03-16,4809
2015-03-17,5097
2015-03-18,4981
2015-03-19,4855
2015-03-20,5390
2015-03-21,4432
2015-03-22,3886
2015-03-23,2480
2015-03-24,4972
2015-03-25,4165
2015-03-26,4611
2015-03-27,5167
2015-03-28,4649
2015-03-29,3619
2015-03-30,5113
2015-03-31,4686
2015-04-01,5657
2015-04-02,3978
2015-04-03,3843
2015-04-04,4559
2015-04-05,4908
2015-04-06,3310
2015-04-07,3048
2015-04-08,3160
2015-04-09,2568
2015-04-10,3917
2015-04-11,4796
2015-04-12,3853
2015-04-13,4759
2015-04-14,5102
2015-04-15,3931
2015-04-16,4663
2015-04-17,5743
2015-04-18,4158
2015-04-19,3374
2015-04-20,4449
2015-04-21,5155
2015-04-22,4472
2015-04-23,5559
2015-04-24,5416
2015-04-25,3828
2015-04-26,4521
2015-04-27,5406
2015-04-28,5651
2015-04-29,5493
2015-04-30,5408
2015-05-01,6309
2015-05-02,4813
2015-05-03,4013
2015-05-04,5293
2015-05-05,4314
2015-05-06,5250
2015-05-07,6086
2015-05-08,5561
2015-05-09,4484
2015-05-10,4554
2015-05-11,4451
2015-05-12,5274
2015-05-13,5758
2015-05-14,5447
2015-05-15,6081
2015-05-16,5004
2015-05-17,4545
2015-05-18,5754
2015-05-19,4935
2015-05-20,4821
2015-05-21,6070
2015-05-22,5993
2015-05-23,5266
2015-05-24,3935
2015-05-25,4174
2015-05-26,4594
2015-05-27,5571
2015-05-28,5579
2015-05-29,5566
2015-05-30,3261
2015-05-31,4127
2015-06-01,5206
2015-06-02,5445
2015-06-03,5843
2015-06-04,5436
2015-06-05,5321
2015-06-06,5343
2015-06-07,4076
2015-06-08,5544
2015-06-09,5589
2015-06-10,5655
2015-06-11,5101
2015-06-12,4278
2015-06-13,4917
2015-06-14,4235
2015-06-15,4237
2015-06-16,5980
2015-06-17,4538
2015-06-18,5255
2015-06-19,6300
2015-06-20,4703
2015-06-21,5126
2015-06-22,3473
2015-06-23,4195
2015-06-24,3789
2015-06-25,3819
2015-06-26,3467
2015-06-27,5135
2015-06-28,4331
2015-06-29,4192
2015-06-30,4460
2015-07-01,4502
2015-07-02,5159
2015-07-03,5294
2015-07-04,5172
2015-07-05,4538
2015-07-06,4624
2015-07-07,4683
2015-07-08,4377
2015-07-09,4741
2015-07-10,5194
2015-07-11,4535
2015-07-12,4555
2015-07-13,4247
2015-07-14,4666
2015-07-15,4784
2015-07-16,3994
2015-07-17,5675
2015-07-18,4820
2015-07-19,4702
2015-07-20,4366
2015-07-21,4638
2015-07-22,4604
2015-07-23,4833
2015-07-24,5154
2015-07-25,5033
2015-07-26,4368
2015-07-27,4549
2015-07-28,4598
2015-07-29,4411
2015-07-30,4610
2015-07-31,4803
2015-08-01,4742
2015-08-02,4680
2015-08-03,4127
2015-08-04,3933
2015-08-05,4100
2015-08-06,4319
2015-08-07,4445
2015-08-08,4775
2015-08-09,4172
2015-08-10,3496
2015-08-11,3894
2015-08-12,3876
2015-08-13,4198
2015-08-14,4207
2015-08-15,4942
2015-08-16,4955
2015-08-17,3693
2015-08-18,3372
2015-08-19,3798
2015-08-20,4293
2015-08-21,4599
2015-08-22,4924
2015-08-23,4373
2015-08-24,3999
2015-08-25,3717
2015-08-26,3667
2015-08-27,4091
2015-08-28,4225
2015-08-29,3577
2015-08-30,4391
2015-08-31,3760
2015-09-01,4034
2015-09-02,4127
2015-09-03,4229
2015-09-04,4389
2015-09-05,4308
2015-09-06,4826
2015-09-07,4149
2015-09-08,3982
2015-09-09,5367
2015-09-10,4903
2015-09-11,4655
2015-09-12,4295
2015-09-13,4551
2015-09-14,5514
2015-09-15,5559
2015-09-16,5835
2015-09-17,5322
2015-09-18,4704
2015-09-19,4572
2015-09-20,4458
2015-09-21,5568
2015-09-22,5480
2015-09-23,5453
2015-09-24,5740
2015-09-25,6040
2015-09-26,4799
2015-09-27,4160
2015-09-28,5170
2015-09-29,4169
2015-09-30,5469
2015-10-01,5570
2015-10-02,5935
2015-10-03,4401
2015-10-04,4249
2015-10-05,4806
2015-10-06,5169
2015-10-07,5578
2015-10-08,5464
2015-10-09,5548
2015-10-10,4554
2015-10-11,4520
2015-10-12,4046
2015-10-13,5370
2015-10-14,5640
2015-10-15,4988
2015-10-16,5670
2015-10-17,4618
2015-10-18,4718
2015-10-19,4831
2015-10-20,4489
2015-10-21,4909
2015-10-22,4990
2015-10-23,4781
2015-10-24,3990
2015-10-25,4457
2015-10-26,4831
2015-10-27,3877
2015-10-28,3793
2015-10-29,4603
2015-10-30,5461
2015-10-31,2816
2015-11-01,4364
2015-11-02,4513
2015-11-03,4767
2015-11-04,4619
2015-11-05,4722
2015-11-06,4675
2015-11-07,4470
2015-11-08,4195
2015-11-09,4934
2015-11-10,4860
2015-11-11,3380
2015-11-12,3837
2015-11-13,3890
2015-11-14,4409
2015-11-15,4194
2015-11-16,4145
2015-11-17,3271
2015-11-18,3473
2015-11-19,4016
2015-11-20,4475
2015-11-21,1533
2015-11-22,2680
2015-11-23,3532
2015-11-24,4221
2015-11-25,3418
2015-11-26,3851
2015-11-27,2880
2015-11-28,4138
2015-11-29,4066
2015-11-30,3676
2015-12-01,4073
2015-12-02,3463
2015-12-03,3781
2015-12-04,4642
2015-12-05,4174
2015-12-06,4102
2015-12-07,3656
2015-12-08,4050
2015-12-09,4354
2015-12-10,4184
2015-12-11,4476
2015-12-12,3550
2015-12-13,3046
2015-12-14,3393
2015-12-15,3755
2015-12-16,3504
2015-12-17,4428
2015-12-18,4845
2015-12-19,4341
2015-12-20,4199
2015-12-21,2622
2015-12-22,3277
2015-12-23,3022
2015-12-24,4578
2015-12-25,4822
2015-12-26,3441
2015-12-27,4207
2015-12-28,1178
2015-12-29,2480
2015-12-30,2688
2015-12-31,3726
2016-01-01,3916
2016-01-02,3858
2016-01-03,3680
2016-01-04,3552
2016-01-05,3912
2016-01-06,3739
2016-01-07,3906
2016-01-08,3123
2016-01-09,2901
2016-01-10,3827
2016-01-11,3378
2016-01-12,2978
2016-01-13,3125
2016-01-14,4003
2016-01-15,3579
2016-01-16,4131
2016-01-17,3990
2016-01-18,3704
2016-01-19,4324
2016-01-20,3809
2016-01-21,4167
2016-01-22,3662
2016-01-23,4131
2016-01-24,3711
2016-01-25,3642
2016-01-26,3495
2016-01-27,4027
2016-01-28,3822
2016-01-29,4675
2016-01-30,4088
2016-01-31,3395
2016-02-01,4020
2016-02-02,2434
2016-02-03,3269
2016-02-04,4337
2016-02-05,3459
2016-02-06,4282
2016-02-07,4144
2016-02-08,3512
2016-02-09,3658
2016-02-10,4164
2016-02-11,4372
2016-02-12,4632
2016-02-13,4896
2016-02-14,2895
2016-02-15,2935
2016-02-16,3812
2016-02-17,4383
2016-02-18,4084
2016-02-19,4765
2016-02-20,4580
2016-02-21,4105
2016-02-22,4274
2016-02-23,4551
2016-02-24,2273
2016-02-25,3973
2016-02-26,4450
2016-02-27,4735
2016-02-28,4257
2016-02-29,4207
2016-03-01,2712
2016-03-02,4301
2016-03-03,3730
2016-03-04,4944
2016-03-05,4189
2016-03-06,4515
2016-03-07,4471
2016-03-08,4658
2016-03-09,3918
2016-03-10,4493
2016-03-11,4980
2016-03-12,4716
2016-03-13,3253
2016-03-14,4318
2016-03-15,4353
2016-03-16,4722
2016-03-17,4958
2016-03-18,5109
2016-03-19,4955
2016-03-20,4824
2016-03-21,4761
2016-03-22,4384
2016-03-23,4153
2016-03-24,3235
2016-03-25,4540
2016-03-26,5310
2016-03-27,5028
2016-03-28,4929
2016-03-29,4886
2016-03-30,4256
2016-03-31,4378
2016-04-01,3963
2016-04-02,4592
2016-04-03,5079
2016-04-04,4103
2016-04-05,4706
2016-04-06,3286
2016-04-07,4459
2016-04-08,3934
2016-04-09,5260
2016-04-10,3964
2016-04-11,4861
2016-04-12,4888
2016-04-13,4529
2016-04-14,4733
2016-04-15,5786
2016-04-16,5790
2016-04-17,5193
2016-04-18,3843
2016-04-19,3570
2016-04-20,3967
2016-04-21,4106
2016-04-22,4573
2016-04-23,5567
2016-04-24,5062
2016-04-25,4857
2016-04-26,4202
2016-04-27,4162
2016-04-28,4455
2016-04-29,5203
2016-04-30,3772
2016-05-01,4458
2016-05-02,4789
2016-05-03,4776
2016-05-04,4460
2016-05-05,5116
2016-05-06,5871
2016-05-07,5156
2016-05-08,5485
2016-05-09,3874
2016-05-10,3810
2016-05-11,4825
2016-05-12,4576
2016-05-13,5245
2016-05-14,5118
2016-05-15,5095
2016-05-16,4869
2016-05-17,4500
2016-05-18,5214
2016-05-19,5400
2016-05-20,5091
2016-05-21,5519
2016-05-22,5108
2016-05-23,4997
2016-05-24,5067
2016-05-25,4592
2016-05-26,5076
2016-05-27,5007
2016-05-28,5201
2016-05-29,5437
2016-05-30,5081
2016-05-31,4482
2016-06-01,4450
2016-06-02,5058
2016-06-03,5134
2016-06-04,4275
2016-06-05,4952
2016-06-06,4687
2016-06-07,4668
2016-06-08,4856
2016-06-09,4170
2016-06-10,5832
2016-06-11,5822
2016-06-12,5006
2016-06-13,4855
2016-06-14,4484
2016-06-15,5238
2016-06-16,4906
2016-06-17,5919
2016-06-18,5307
2016-06-19,5477
2016-06-20,5138
2016-06-21,5312
2016-06-22,3527
2016-06-23,4153
2016-06-24,4848
2016-06-25,5662
2016-06-26,5056
2016-06-27,4353
2016-06-28,4153
2016-06-29,4520
2016-06-30,4418
2016-07-01,4865
2016-07-02,5044
2016-07-03,5209
2016-07-04,5036
2016-07-05,4702
2016-07-06,4422
2016-07-07,4305
2016-07-08,5160
2016-07-09,5164
2016-07-10,5049
2016-07-11,4912
2016-07-12,4743
2016-07-13,4510
2016-07-14,5173
2016-07-15,5011
2016-07-16,5364
2016-07-17,4724
2016-07-18,4753
2016-07-19,4796
2016-07-20,4850
2016-07-21,4755
2016-07-22,5497
2016-07-23,4856
2016-07-24,4663
2016-07-25,4915
2016-07-26,4848
2016-07-27,4857
2016-07-28,4607
2016-07-29,4793
2016-07-30,5057
2016-07-31,5162
2016-08-01,4744
2016-08-02,4484
2016-08-03,4791
2016-08-04,4736
2016-08-05,4719
2016-08-06,5466
2016-08-07,4851
2016-08-08,4126
2016-08-09,3832
2016-08-10,4207
2016-08-11,4386
2016-08-12,3569
2016-08-13,5165
2016-08-14,4848
2016-08-15,3606
2016-08-16,4248
2016-08-17,4222
2016-08-18,4271
2016-08-19,4416
2016-08-20,4617
2016-08-21,4878
2016-08-22,4399
2016-08-23,4302
2016-08-24,3808
2016-08-25,4132
2016-08-26,4450
2016-08-27,4794
2016-08-28,4790
2016-08-29,4022
2016-08-30,3723
2016-08-31,4395
2016-09-01,4115
2016-09-02,4720
2016-09-03,5114
2016-09-04,4826
2016-09-05,4565
2016-09-06,5314
2016-09-07,4726
2016-09-08,4742
2016-09-09,5182
2016-09-10,4801
2016-09-11,5004
2016-09-12,5327
2016-09-13,5292
2016-09-14,4893
2016-09-15,5629
2016-09-16,5332
2016-09-17,4893
2016-09-18,4902
2016-09-19,5282
2016-09-20,5294
2016-09-21,4003
2016-09-22,5007
2016-09-23,4848
2016-09-24,4881
2016-09-25,4568
2016-09-26,4723
2016-09-27,4705
2016-09-28,3811
2016-09-29,3981
2016-09-30,4317
2016-10-01,4145
2016-10-02,4553
2016-10-03,4238
2016-10-04,4385
2016-10-05,4675
2016-10-06,3631
2016-10-07,5157
2016-10-08,5081
2016-10-09,4762
2016-10-10,3956
2016-10-11,4882
2016-10-12,3722
2016-10-13,5084
2016-10-14,5420
2016-10-15,4830
2016-10-16,4096
2016-10-17,4802
2016-10-18,4915
2016-10-19,4720
2016-10-20,4591
2016-10-21,5094
2016-10-22,5480
2016-10-23,4995
2016-10-24,4893
2016-10-25,4652
2016-10-26,3255
2016-10-27,4669
2016-10-28,5290
2016-10-29,4826
2016-10-30,4573
2016-10-31,4907
2016-11-01,5026
2016-11-02,3774
2016-11-03,4885
2016-11-04,4952
2016-11-05,5427
2016-11-06,4949
2016-11-07,4809
2016-11-08,4349
2016-11-09,4536
2016-11-10,4632
2016-11-11,4514
2016-11-12,4945
2016-11-13,4777
2016-11-14,4609
2016-11-15,4565
2016-11-16,4755
2016-11-17,4891
2016-11-18,4368
2016-11-19,4895
2016-11-20,4797
2016-11-21,4657
2016-11-22,4408
2016-11-23,3402
2016-11-24,5170
2016-11-25,4313
2016-11-26,5008
2016-11-27,4644
2016-11-28,3114
2016-11-29,4223
2016-11-30,4173
2016-12-01,4172
2016-12-02,4487
2016-12-03,4547
2016-12-04,2619
2016-12-05,3765
2016-12-06,4111
2016-12-07,4466
2016-12-08,4522
2016-12-09,4784
2016-12-10,3816
2016-12-11,2137
2016-12-12,3113
2016-12-13,3663
2016-12-14,3933
2016-12-15,4333
2016-12-16,3597
2016-12-17,3014
2016-12-18,2919
2016-12-19,3486
2016-12-20,3539
2016-12-21,3595
2016-12-22,4209
2016-12-23,4254
2016-12-24,4021
2016-12-25,3829
2016-12-26,4023
2016-12-27,3727
2016-12-28,3743
2016-12-29,3608
2016-12-30,4155
2016-12-31,4680
2017-01-01,4558
2017-01-02,3078
2017-01-03,2828
2017-01-04,3545
2017-01-05,3576
2017-01-06,3880
2017-01-07,4357
2017-01-08,4286
2017-01-09,3520
2017-01-10,2646
2017-01-11,2026
2017-01-12,1347
2017-01-13,3148
2017-01-14,3904
2017-01-15,3545
2017-01-16,2340
2017-01-17,3253
2017-01-18,3275
2017-01-19,3410
2017-01-20,3522
2017-01-21,4296
2017-01-22,3647
2017-01-23,3322
2017-01-24,3553
2017-01-25,3111
2017-01-26,3616
2017-01-27,3603
2017-01-28,3676
2017-01-29,3559
2017-01-30,3880
2017-01-31,3294
2017-02-01,3840
2017-02-02,3960
2017-02-03,4176
2017-02-04,4299
2017-02-05,4601
2017-02-06,3950
2017-02-07,3029
2017-02-08,3515
2017-02-09,4247
2017-02-10,4548
2017-02-11,4397
2017-02-12,4505
2017-02-13,4006
2017-02-14,4420
2017-02-15,4304
2017-02-16,3928
2017-02-17,4954
2017-02-18,4787
2017-02-19,4404
2017-02-20,3484
2017-02-21,3835
2017-02-22,4334
2017-02-23,3957
2017-02-24,3761
2017-02-25,4684
2017-02-26,4416
2017-02-27,4308
2017-02-28,3461
2017-03-01,3231
2017-03-02,4069
2017-03-03,4889
2017-03-04,4492
2017-03-05,4205
2017-03-06,3450
2017-03-07,4398
2017-03-08,4585
2017-03-09,4205
2017-03-10,4884
2017-03-11,4838
2017-03-12,4812
2017-03-13,3518
2017-03-14,2855
2017-03-15,4674
2017-03-16,4922
2017-03-17,4182
2017-03-18,4524
2017-03-19,4721
2017-03-20,3531
2017-03-21,3810
2017-03-22,3952
2017-03-23,3846
2017-03-24,4563
2017-03-25,2950
2017-03-26,3525
2017-03-27,3516
2017-03-28,3924
2017-03-29,3549
2017-03-30,2731
2017-03-31,3705
2017-04-01,4254
2017-04-02,3746
2017-04-03,3225
2017-04-04,3766
2017-04-05,2600
2017-04-06,4255
2017-04-07,3974
2017-04-08,4461
2017-04-09,4254
2017-04-10,2956
2017-04-11,3369
2017-04-12,3576
2017-04-13,3425
2017-04-14,3794
2017-04-15,4644
2017-04-16,4325
2017-04-17,4247
2017-04-18,4312
2017-04-19,3497
2017-04-20,4045
2017-04-21,4729
2017-04-22,4383
2017-04-23,4399
2017-04-24,4183
2017-04-25,4310
2017-04-26,4247
2017-04-27,3926
2017-04-28,4513
2017-04-29,3210
2017-04-30,3104
2017-05-01,3808
2017-05-02,3739
2017-05-03,4115
2017-05-04,3996
2017-05-05,4723
2017-05-06,4595
2017-05-07,4465
2017-05-08,4101
2017-05-09,3672
2017-05-10,3716
2017-05-11,4214
2017-05-12,4931
2017-05-13,4610
2017-05-14,4776
2017-05-15,4273
2017-05-16,4686
2017-05-17,4405
2017-05-18,4573
2017-05-19,3686
2017-05-20,4074
2017-05-21,4455
2017-05-22,4438
2017-05-23,3414
2017-05-24,3887
2017-05-25,4297
2017-05-26,4124
2017-05-27,4365
2017-05-28,4335
2017-05-29,4215
2017-05-30,4091
2017-05-31,4212
2017-06-01,4462
2017-06-02,4884
2017-06-03,4191
2017-06-04,4282
2017-06-05,4297
2017-06-06,4222
2017-06-07,4225
2017-06-08,4463
2017-06-09,4766
2017-06-10,4727
2017-06-11,4671
2017-06-12,4591
2017-06-13,4057
2017-06-14,3857
2017-06-15,4388
2017-06-16,4596
2017-06-17,4073
2017-06-18,4704
2017-06-19,4296
2017-06-20,4758
2017-06-21,3808
2017-06-22,3782
2017-06-23,3751
2017-06-24,4463
2017-06-25,4375
2017-06-26,3516
2017-06-27,3412
2017-06-28,3111
2017-06-29,3412
2017-06-30,3872
2017-07-01,4517
2017-07-02,4339
2017-07-03,3618
2017-07-04,4502
2017-07-05,3792
2017-07-06,4046
2017-07-07,3882
2017-07-08,4319
2017-07-09,4052
2017-07-10,3358
2017-07-11,3720
2017-07-12,3035
2017-07-13,3989
2017-07-14,4326
2017-07-15,4466
2017-07-16,4180
2017-07-17,4236
2017-07-18,4102
2017-07-19,4132
2017-07-20,3656
2017-07-21,3976
2017-07-22,4123
2017-07-23,4233
2017-07-24,3635
2017-07-25,3948
2017-07-26,4048
2017-07-27,4134
2017-07-28,4460
2017-07-29,4575
2017-07-30,4449
2017-07-31,3758
2017-08-01,3548
2017-08-02,3844
2017-08-03,3666
2017-08-04,3700
2017-08-05,4333
2017-08-06,4023
2017-08-07,3428
2017-08-08,3467
2017-08-09,3514
2017-08-10,3646
2017-08-11,3795
2017-08-12,4349
2017-08-13,4166
2017-08-14,3328
2017-08-15,3424
2017-08-16,3356
2017-08-17,3310
2017-08-18,3866
2017-08-19,4353
2017-08-20,4009
2017-08-21,3031
2017-08-22,3238
2017-08-23,3336
2017-08-24,3435
2017-08-25,3833
2017-08-26,4302
2017-08-27,3929
2017-08-28,3178
2017-08-29,3107
2017-08-30,3432
2017-08-31,3530
2017-09-01,3912
2017-09-02,3915
2017-09-03,4112
2017-09-04,3606
2017-09-05,3798
2017-09-06,4044
2017-09-07,4418
2017-09-08,4368
2017-09-09,4152
2017-09-10,4147
2017-09-11,4255
2017-09-12,4258
2017-09-13,3872
2017-09-14,4570
2017-09-15,4767
2017-09-16,3921
2017-09-17,3744
2017-09-18,4210
2017-09-19,3761
2017-09-20,4304
2017-09-21,4400
2017-09-22,5008
2017-09-23,4354
2017-09-24,4230
2017-09-25,4548
2017-09-26,4350
2017-09-27,4217
2017-09-28,4535
2017-09-29,4878
2017-09-30,4288
2017-10-01,3742
2017-10-02,3986
2017-10-03,3619
2017-10-04,3583
2017-10-05,4299
2017-10-06,3788
2017-10-07,3584
2017-10-08,4316
2017-10-09,3622
2017-10-10,3782
2017-10-11,3045
2017-10-12,3598
2017-10-13,4393
2017-10-14,2209
2017-10-15,3274
2017-10-16,3714
2017-10-17,4256
2017-10-18,4406
2017-10-19,4425
2017-10-20,4668
2017-10-21,4151
2017-10-22,3200
2017-10-23,2857
2017-10-24,2597
2017-10-25,4289
2017-10-26,4326
2017-10-27,4056
2017-10-28,3922
2017-10-29,3970
2017-10-30,3712
2017-10-31,4025
2017-11-01,3363
2017-11-02,3142
2017-11-03,3584
2017-11-04,3153
2017-11-05,3277
2017-11-06,3931
2017-11-07,3598
2017-11-08,4123
2017-11-09,4124
2017-11-10,3382
2017-11-11,3838
2017-11-12,3111
2017-11-13,3775
2017-11-14,3762
2017-11-15,2883
2017-11-16,3329
2017-11-17,3813
2017-11-18,2924
2017-11-19,4131
2017-11-20,4011
2017-11-21,3626
2017-11-22,3621
2017-11-23,4642
2017-11-24,4226
2017-11-25,4310
2017-11-26,4031
2017-11-27,3904
2017-11-28,3469
2017-11-29,3673
2017-11-30,4087
2017-12-01,4259
2017-12-02,4086
2017-12-03,4221
2017-12-04,3622
2017-12-05,3806
2017-12-06,4048
2017-12-07,4087
2017-12-08,4462
2017-12-09,3394
2017-12-10,3937
2017-12-11,3348
2017-12-12,3827
2017-12-13,3492
2017-12-14,3810
2017-12-15,4164
2017-12-16,4022
2017-12-17,3378
2017-12-18,3235
2017-12-19,3844
2017-12-20,3754
2017-12-21,3717
2017-12-22,4053
2017-12-23,4072
2017-12-24,1963
2017-12-25,2843
2017-12-26,2630
2017-12-27,2776
2017-12-28,2363
2017-12-29,2140
2017-12-30,2683
2017-12-31,3108
2018-01-01,3229
2018-01-02,2593
2018-01-03,2379
2018-01-04,2659
2018-01-05,2924
2018-01-06,3395
2018-01-07,2519
2018-01-08,3188
2018-01-09,3134
2018-01-10,2700
2018-01-11,2664
2018-01-12,2992
2018-01-13,3475
2018-01-14,3022
2018-01-15,1831
2018-01-16,2602
2018-01-17,2991
2018-01-18,3249
2018-01-19,3717
2018-01-20,3256
2018-01-21,2911
2018-01-22,2911
2018-01-23,2699
2018-01-24,2885
2018-01-25,3550
2018-01-26,3693
2018-01-27,3406
2018-01-28,3071
2018-01-29,2910
2018-01-30,3549
2018-01-31,3428
2018-02-01,3518
2018-02-02,3112
2018-02-03,3300
2018-02-04,1800
2018-02-05,2297
2018-02-06,2732
2018-02-07,2830
2018-02-08,3013
2018-02-09,934
2018-02-10,2109
2018-02-11,1893
2018-02-12,2759
2018-02-13,2909
2018-02-14,3368
2018-02-15,2911
2018-02-16,3773
2018-02-17,3118
2018-02-18,3375
2018-02-19,2093
2018-02-20,2461
2018-02-21,3169
2018-02-22,3662
2018-02-23,3694
2018-02-24,3585
2018-02-25,3804
2018-02-26,4077
2018-02-27,3848
2018-02-28,3741
2018-03-01,3199
2018-03-02,4326
2018-03-03,4091
2018-03-04,3805
2018-03-05,3424
2018-03-06,3285
2018-03-07,4023
2018-03-08,4204
2018-03-09,4786
2018-03-10,4202
2018-03-11,4131
2018-03-12,3793
2018-03-13,3584
2018-03-14,4436
2018-03-15,4379
2018-03-16,4734
2018-03-17,4425
2018-03-18,4255
2018-03-19,4152
2018-03-20,4124
2018-03-21,4404
2018-03-22,4622
2018-03-23,4766
2018-03-24,4020
2018-03-25,4312
2018-03-26,3286
2018-03-27,3090
2018-03-28,3376
2018-03-29,3338
2018-03-30,3792
2018-03-31,4063
2018-04-01,4482
2018-04-02,4390
2018-04-03,2975
2018-04-04,4198
2018-04-05,4168
2018-04-06,4715
2018-04-07,4829
2018-04-08,4371
2018-04-09,3648
2018-04-10,4180
2018-04-11,4366
2018-04-12,4566
2018-04-13,3264
2018-04-14,3322
2018-04-15,3115
2018-04-16,3778
2018-04-17,4202
2018-04-18,3302
2018-04-19,3861
2018-04-20,4698
2018-04-21,3767
2018-04-22,4016
2018-04-23,4070
2018-04-24,4409
2018-04-25,4173
2018-04-26,4200
2018-04-27,4518
2018-04-28,1209
2018-04-29,190
2018-04-30,797
2018-05-01,60
2018-05-02,81
2018-05-03,39
